frame,state,boot_x,boot_y,cart_x,target,direction,loop_ms
1,PLAYING,854,642,712,854,1,3.6
2,PLAYING,854,648,712,854,1,2.1
3,PLAYING,856,652,711,856,1,2.2
4,PLAYING,840,658,713,840,1,2.8
5,PLAYING,840,662,715,840,1,2.5
6,PLAYING,840,666,719,840,1,1.9
7,PLAYING,840,670,723,840,1,2.6
8,PLAYING,840,676,729,840,1,3.3
9,PLAYING,833,692,733,833,1,2.7
10,PLAYING,833,696,737,833,1,2.5
11,PLAYING,833,700,741,833,1,1.9
12,PLAYING,833,704,747,833,1,2.4
13,PLAYING,833,708,751,833,1,2.0
14,PLAYING,833,736,757,833,1,2.1
15,PLAYING,835,740,761,835,1,2.0
16,PLAYING,835,744,769,835,1,2.7
17,PLAYING,835,748,773,835,1,2.7
18,PLAYING,835,752,779,835,1,1.9
19,PLAYING,847,767,785,847,1,3.0
20,PLAYING,847,773,791,847,1,2.8
21,PLAYING,849,777,797,849,1,2.0
22,PLAYING,849,781,803,849,1,1.9
23,PLAYING,849,785,809,849,1,2.2
24,PLAYING,869,787,817,869,1,2.0
25,PLAYING,869,791,823,869,1,2.5
26,PLAYING,869,797,829,869,1,2.6
27,PLAYING,869,801,837,869,1,2.1
28,PLAYING,871,805,843,871,1,2.9
29,PLAYING,882,797,851,882,1,2.9
30,PLAYING,882,801,859,882,1,2.3
31,PLAYING,882,807,867,882,1,2.0
32,PLAYING,882,811,875,882,0,3.0
33,PLAYING,882,815,881,882,0,2.2
34,PLAYING,885,802,890,885,0,3.7
35,PLAYING,885,806,896,885,-1,3.7
36,PLAYING,885,812,902,885,-1,3.0
37,PLAYING,885,816,899,885,-1,3.3
38,PLAYING,885,820,899,885,-1,2.1
39,PLAYING,866,808,897,866,-1,2.0
40,PLAYING,868,812,893,868,-1,2.0
41,PLAYING,868,816,889,868,-1,2.1
42,PLAYING,868,820,885,868,-1,2.2
43,PLAYING,868,826,881,868,-1,2.6
44,PLAYING,852,832,877,852,-1,2.6
45,PLAYING,852,836,875,852,-1,1.9
46,PLAYING,877,840,867,877,1,3.1
47,PLAYING,879,836,863,879,1,2.5
48,PLAYING,881,832,864,881,1,3.1
49,PLAYING,892,837,866,892,1,2.8
50,PLAYING,892,835,868,892,1,2.0
51,PLAYING,894,832,870,894,1,3.9
52,PLAYING,898,828,874,898,1,2.1
53,PLAYING,898,824,878,898,1,1.9
54,PLAYING,901,842,882,901,1,3.8
55,PLAYING,902,838,886,902,1,1.9
56,PLAYING,904,834,890,904,1,3.0
57,PLAYING,906,830,894,906,1,2.7
58,PLAYING,908,826,898,908,1,1.9
59,PLAYING,898,833,902,898,0,2.2
60,PLAYING,900,829,908,900,-1,2.7
61,PLAYING,902,825,913,902,-1,1.9
62,PLAYING,904,821,911,904,0,2.3
63,PLAYING,906,817,911,906,0,1.9
64,PLAYING,888,811,909,888,-1,3.6
65,PLAYING,890,807,910,890,-1,2.4
66,PLAYING,892,803,910,892,-1,2.3
67,PLAYING,894,801,908,894,-1,2.4
68,PLAYING,896,795,906,896,-1,2.3
69,PLAYING,887,781,902,887,-1,2.7
70,PLAYING,889,777,898,889,-1,2.0
71,PLAYING,891,773,894,891,0,2.4
72,PLAYING,893,769,890,893,0,2.9
73,PLAYING,895,765,888,895,0,2.6
74,PLAYING,896,744,886,896,1,2.2
75,PLAYING,898,740,885,898,1,2.1
76,PLAYING,900,734,887,900,1,2.7
77,PLAYING,902,732,887,902,1,1.8
78,PLAYING,904,728,891,904,1,2.7
79,PLAYING,925,708,893,925,1,2.0
80,PLAYING,927,704,897,927,1,3.5
81,PLAYING,929,700,901,929,1,2.6
82,PLAYING,931,696,905,931,1,2.0
83,PLAYING,933,692,909,933,1,2.0
84,PLAYING,951,690,913,951,1,2.6
85,PLAYING,953,686,917,953,1,3.1
86,PLAYING,955,682,921,955,1,2.7
87,PLAYING,957,678,925,957,1,1.9
88,PLAYING,959,674,931,959,1,2.6
89,PLAYING,970,682,935,970,1,2.1
90,PLAYING,972,678,939,972,1,3.3
91,PLAYING,974,674,945,974,1,2.1
92,PLAYING,976,670,951,976,1,3.1
93,PLAYING,978,666,956,978,1,2.6
94,PLAYING,980,684,961,980,1,2.8
95,PLAYING,982,680,967,982,1,2.6
96,PLAYING,984,676,973,984,1,2.0
97,PLAYING,986,672,979,986,0,2.5
98,PLAYING,988,668,985,988,0,1.9
99,PLAYING,978,675,990,978,-1,2.3
100,PLAYING,980,671,996,980,-1,2.1
101,PLAYING,980,667,993,980,-1,2.6
102,PLAYING,982,663,991,982,-1,1.9
103,PLAYING,984,661,989,984,0,3.0
104,PLAYING,966,653,985,966,-1,2.6
105,PLAYING,968,649,983,968,-1,2.1
106,PLAYING,970,647,981,970,-1,2.6
107,PLAYING,972,643,977,972,0,2.3
108,PLAYING,974,639,971,974,0,2.5
109,PLAYING,965,623,969,965,0,2.0
110,PLAYING,967,619,965,967,0,2.0
111,PLAYING,969,615,965,969,0,1.9
112,PLAYING,971,611,963,971,1,3.1
113,PLAYING,973,607,963,973,1,2.5
114,PLAYING,974,586,963,974,1,1.9
115,PLAYING,976,582,965,976,1,2.8
116,PLAYING,978,578,969,978,1,3.1
117,PLAYING,980,574,971,980,1,3.1
118,PLAYING,982,570,975,982,0,3.1
119,PLAYING,1003,550,979,1003,1,2.4
120,PLAYING,1005,546,985,1005,1,2.3
121,PLAYING,1007,542,989,1007,1,3.4
122,PLAYING,1009,538,993,1009,1,2.0
123,PLAYING,1011,534,999,1011,1,2.0
124,PLAYING,1027,536,1003,1027,1,2.8
125,PLAYING,1025,532,1009,1025,1,2.1
126,PLAYING,1023,528,1013,1023,1,2.8
127,PLAYING,1021,524,1019,1021,0,2.4
128,PLAYING,1019,520,1025,1019,0,3.1
129,PLAYING,1026,528,1032,1026,0,2.2
130,PLAYING,1024,524,1034,1024,-1,3.1
131,PLAYING,1022,520,1038,1022,-1,2.0
132,PLAYING,1020,516,1035,1020,-1,2.7
133,PLAYING,1018,514,1035,1018,-1,2.8
134,PLAYING,1016,532,1031,1016,-1,2.0
135,PLAYING,1014,528,1029,1014,-1,1.8
136,PLAYING,1012,522,1025,1012,-1,2.9
137,PLAYING,1010,520,1021,1010,-1,2.4
138,PLAYING,1008,516,1017,1008,-1,1.8
139,PLAYING,994,523,1013,994,-1,2.7
140,PLAYING,992,519,1009,992,-1,3.1
141,PLAYING,990,515,1005,990,-1,1.8
142,PLAYING,988,511,1001,988,-1,2.2
143,PLAYING,986,507,997,986,-1,2.6
144,PLAYING,964,501,991,964,-1,2.0
145,PLAYING,964,497,987,964,-1,2.1
146,PLAYING,962,493,983,962,-1,2.6
147,PLAYING,960,489,977,960,-1,1.9
148,PLAYING,958,485,971,958,-1,2.2
149,PLAYING,945,469,967,945,-1,2.9
150,PLAYING,943,465,961,943,-1,2.7
151,PLAYING,941,461,957,941,-1,2.0
152,PLAYING,939,457,949,939,-1,3.0
153,PLAYING,937,453,945,937,0,2.9
154,PLAYING,934,432,939,934,0,2.6
155,PLAYING,932,428,933,932,0,2.3
156,PLAYING,930,424,929,930,0,2.2
157,PLAYING,928,420,925,928,0,2.3
158,PLAYING,926,416,923,926,0,2.4
159,PLAYING,943,396,921,943,1,2.4
160,PLAYING,941,392,919,941,1,2.6
161,PLAYING,939,388,921,939,1,3.0
162,PLAYING,937,386,923,937,1,3.1
163,PLAYING,935,382,925,935,1,1.9
164,PLAYING,949,378,929,949,1,2.8
165,PLAYING,947,376,931,947,1,1.9
166,PLAYING,945,372,935,945,1,1.9
167,PLAYING,943,368,939,943,0,3.1
168,PLAYING,941,362,943,941,0,1.9
169,PLAYING,948,372,948,948,0,2.0
170,PLAYING,946,368,950,946,0,1.8
171,PLAYING,944,364,952,944,0,1.9
172,PLAYING,942,360,952,942,-1,4.7
173,PLAYING,940,356,952,940,-1,2.4
174,PLAYING,938,374,949,938,-1,2.4
175,PLAYING,936,370,949,936,-1,2.2
176,PLAYING,934,366,945,934,-1,2.7
177,PLAYING,932,362,943,932,-1,2.0
178,PLAYING,930,358,939,930,-1,2.4
179,PLAYING,916,365,935,916,-1,2.6
180,PLAYING,914,361,931,914,-1,2.1
181,PLAYING,912,357,927,912,-1,2.0
182,PLAYING,910,353,923,910,-1,2.6
183,PLAYING,908,349,919,908,-1,2.0
184,PLAYING,886,343,915,886,-1,2.0
185,PLAYING,884,339,911,884,-1,3.5
186,PLAYING,882,335,905,882,-1,3.4
187,PLAYING,880,331,901,880,-1,2.4
188,PLAYING,878,327,895,878,-1,3.1
189,PLAYING,867,311,891,867,-1,2.1
190,PLAYING,865,307,887,865,-1,2.2
191,PLAYING,863,303,881,863,-1,2.6
192,PLAYING,861,299,875,861,-1,2.2
193,PLAYING,859,297,869,859,-1,1.9
194,PLAYING,903,276,865,903,1,3.3
195,PLAYING,905,272,859,905,1,2.3
196,PLAYING,907,268,858,907,1,2.1
197,PLAYING,909,264,860,909,1,2.0
198,PLAYING,911,260,862,911,1,2.0
199,PLAYING,873,240,866,873,0,2.4
200,PLAYING,903,251,870,903,1,2.7
201,PLAYING,903,254,875,903,1,2.1
202,PLAYING,905,257,879,905,1,2.1
203,PLAYING,907,262,881,907,1,1.9
204,PLAYING,886,266,887,886,0,3.3
205,PLAYING,889,269,889,889,0,2.2
206,PLAYING,890,274,894,890,0,2.6
207,PLAYING,892,278,896,892,0,2.0
208,PLAYING,894,282,898,894,0,2.6
209,PLAYING,887,298,898,887,-1,3.0
210,PLAYING,889,302,898,889,-1,2.0
211,PLAYING,891,306,897,891,0,2.4
212,PLAYING,893,310,895,893,0,3.3
213,PLAYING,895,314,893,895,0,2.9
214,PLAYING,897,340,893,897,0,3.5
215,PLAYING,899,344,893,899,0,2.1
216,PLAYING,901,348,893,901,0,1.9
217,PLAYING,903,350,893,903,1,2.3
218,PLAYING,905,356,895,905,1,2.3
219,PLAYING,919,369,897,919,1,2.7
220,PLAYING,921,375,899,921,1,1.8
221,PLAYING,923,377,903,923,1,2.6
222,PLAYING,925,381,905,925,1,2.0
223,PLAYING,927,385,909,927,1,1.9
224,PLAYING,949,387,913,949,1,2.7
225,PLAYING,951,391,917,951,1,1.8
226,PLAYING,953,395,921,953,1,2.5
227,PLAYING,955,399,925,955,1,2.6
228,PLAYING,957,403,929,957,1,2.1
229,PLAYING,968,395,933,968,1,1.9
230,PLAYING,970,399,939,970,1,2.9
231,PLAYING,972,403,943,972,1,2.2
232,PLAYING,972,403,943,972,1,1.9
233,PLAYING,974,407,949,974,1,2.0
234,PLAYING,979,396,955,979,1,2.6
235,PLAYING,981,400,961,981,1,2.5
236,PLAYING,983,404,967,983,1,2.2
237,PLAYING,985,408,973,985,1,1.9
238,PLAYING,987,412,977,987,1,2.0
239,PLAYING,970,400,983,970,-1,2.7
240,PLAYING,972,404,989,972,-1,2.0
241,PLAYING,974,408,990,974,-1,2.6
242,PLAYING,976,412,988,976,-1,2.5
243,PLAYING,978,416,986,978,0,3.2
244,PLAYING,964,422,982,964,-1,2.3
245,PLAYING,966,426,980,966,-1,2.6
246,PLAYING,968,430,975,968,0,2.9
247,PLAYING,970,434,973,970,0,2.4
248,PLAYING,972,438,969,972,0,3.4
249,PLAYING,965,452,967,965,0,2.0
250,PLAYING,965,456,967,965,0,1.9
251,PLAYING,967,460,967,967,0,2.5
252,PLAYING,971,466,967,971,0,2.2
253,PLAYING,971,468,967,971,0,2.8
254,PLAYING,973,494,967,973,0,2.0
255,PLAYING,975,498,967,975,0,2.0
256,PLAYING,977,502,967,977,1,3.0
257,PLAYING,979,506,967,979,1,2.2
258,PLAYING,981,510,967,981,1,2.1
259,PLAYING,995,525,969,995,1,2.9
260,PLAYING,997,529,971,997,1,2.0
261,PLAYING,999,533,975,999,1,2.9
262,PLAYING,1001,537,979,1001,1,2.5
263,PLAYING,1003,541,983,1003,1,1.8
264,PLAYING,1025,543,987,1025,1,2.9
265,PLAYING,1027,547,993,1027,1,2.1
266,PLAYING,1025,551,997,1025,1,2.6
267,PLAYING,1023,555,1001,1023,1,2.3
268,PLAYING,1021,559,1007,1021,1,2.8
269,PLAYING,1029,550,1011,1029,1,2.9
270,PLAYING,1028,553,1017,1028,1,2.9
271,PLAYING,1026,557,1023,1026,0,3.0
272,PLAYING,1024,563,1029,1024,0,2.3
273,PLAYING,1022,567,1034,1022,-1,2.5
274,PLAYING,1021,552,1038,1021,-1,1.9
275,PLAYING,1019,558,1037,1019,-1,2.1
276,PLAYING,1017,562,1035,1017,-1,2.2
277,PLAYING,1015,564,1033,1015,-1,1.9
278,PLAYING,1013,568,1029,1013,-1,2.0
279,PLAYING,992,556,1025,992,-1,2.6
280,PLAYING,990,560,1021,990,-1,2.8
281,PLAYING,988,564,1019,988,-1,1.9
282,PLAYING,986,568,1015,986,-1,2.8
283,PLAYING,984,572,1011,984,-1,2.0
284,PLAYING,966,578,1005,966,-1,2.9
285,PLAYING,964,582,1001,964,-1,2.6
286,PLAYING,962,586,997,962,-1,3.0
287,PLAYING,960,590,993,960,-1,2.9
288,PLAYING,958,594,987,958,-1,2.7
289,PLAYING,947,610,983,947,-1,2.1
290,PLAYING,945,614,977,945,-1,2.9
291,PLAYING,943,618,973,943,-1,2.1
292,PLAYING,941,622,967,941,-1,2.0
293,PLAYING,941,626,963,941,-1,1.9
294,PLAYING,939,652,957,939,-1,2.2
295,PLAYING,937,656,951,937,-1,2.5
296,PLAYING,935,660,945,935,-1,2.9
297,PLAYING,933,664,939,933,0,2.8
298,PLAYING,931,668,933,931,0,4.4
299,PLAYING,941,683,927,941,1,2.5
300,PLAYING,939,687,923,939,1,2.2
301,PLAYING,937,691,923,937,1,2.5
302,PLAYING,935,695,925,935,1,2.4
303,PLAYING,933,699,927,933,0,2.7
304,PLAYING,951,701,931,951,1,2.9
305,PLAYING,949,705,934,949,1,3.0
306,PLAYING,947,707,937,947,1,3.7
307,PLAYING,945,711,941,945,0,2.6
308,PLAYING,943,717,945,943,0,2.2
309,PLAYING,952,707,950,952,0,3.0
310,PLAYING,950,711,952,950,0,2.0
311,PLAYING,948,715,954,948,0,2.7
312,PLAYING,946,719,954,946,-1,2.4
313,PLAYING,944,723,954,944,-1,2.0
314,PLAYING,943,710,953,943,-1,2.1
315,PLAYING,941,714,951,941,-1,1.9
316,PLAYING,939,718,949,939,-1,2.1
317,PLAYING,937,722,945,937,0,2.3
318,PLAYING,935,726,943,935,0,2.1
319,PLAYING,914,714,939,914,-1,2.6
320,PLAYING,912,718,937,912,-1,2.7
321,PLAYING,910,722,935,910,-1,3.2
322,PLAYING,908,726,933,908,-1,2.0
323,PLAYING,906,730,927,906,-1,2.1
324,PLAYING,888,736,923,888,-1,2.6
325,PLAYING,886,740,919,886,-1,2.6
326,PLAYING,884,744,917,884,-1,2.5
327,PLAYING,882,748,909,882,-1,1.9
328,PLAYING,880,752,906,880,-1,2.1
329,PLAYING,869,768,901,869,-1,3.6
330,PLAYING,867,772,895,867,-1,2.5
331,PLAYING,865,776,889,865,-1,2.4
332,PLAYING,863,780,885,863,-1,2.9
333,PLAYING,861,784,879,861,-1,2.3
334,PLAYING,859,810,873,859,-1,3.0
335,PLAYING,857,814,867,857,-1,1.9
336,PLAYING,855,818,861,855,0,2.4
337,PLAYING,853,822,855,853,0,1.9
338,PLAYING,851,826,850,851,0,1.9
339,PLAYING,863,839,845,863,1,2.2
340,PLAYING,859,845,841,859,1,1.9
341,PLAYING,854,846,845,854,1,2.5
342,PLAYING,848,846,847,848,0,3.0
343,PLAYING,,,849,,0,1166.2
344,PLAYING,834,778,848,834,-1,3.1
345,PLAYING,816,776,848,816,-1,3.3
346,PLAYING,816,772,846,816,-1,2.6
347,PLAYING,816,768,844,816,-1,2.6
348,PLAYING,814,764,842,814,-1,2.1
349,PLAYING,814,758,838,814,-1,2.8
350,PLAYING,803,766,836,803,-1,2.1
351,PLAYING,803,762,832,803,-1,2.9
352,PLAYING,803,756,828,803,-1,2.5
353,PLAYING,801,752,824,801,-1,2.2
354,PLAYING,801,748,820,801,-1,2.2
355,PLAYING,801,766,816,801,-1,2.0
356,PLAYING,799,762,812,799,-1,2.4
357,PLAYING,799,756,807,799,-1,2.0
358,PLAYING,797,752,803,797,0,2.5
359,PLAYING,797,748,798,797,0,2.1
360,PLAYING,809,755,795,809,1,3.6
361,PLAYING,807,749,791,807,1,2.1
362,PLAYING,807,745,793,807,1,2.0
363,PLAYING,807,741,795,807,1,1.9
364,PLAYING,805,737,797,805,1,2.1
365,PLAYING,825,729,801,825,1,2.1
366,PLAYING,823,725,803,823,1,3.6
367,PLAYING,823,721,807,823,1,2.3
368,PLAYING,823,717,811,823,1,2.8
369,PLAYING,821,711,815,821,0,2.8
370,PLAYING,832,697,819,832,1,2.6
371,PLAYING,832,691,824,832,0,2.6
372,PLAYING,830,687,827,830,0,3.8
373,PLAYING,830,681,830,830,0,2.3
374,PLAYING,830,679,832,830,0,2.4
375,PLAYING,829,656,834,829,0,2.8
376,PLAYING,829,652,836,829,0,2.1
377,PLAYING,827,648,836,827,-1,2.9
378,PLAYING,827,644,836,827,-1,3.0
379,PLAYING,827,640,833,827,0,2.6
380,PLAYING,806,618,831,806,-1,2.2
381,PLAYING,806,614,829,806,-1,2.2
382,PLAYING,806,610,825,806,-1,3.3
383,PLAYING,804,606,821,804,-1,2.6
384,PLAYING,804,602,817,804,-1,2.0
385,PLAYING,786,598,813,786,-1,2.5
386,PLAYING,786,594,809,786,-1,1.9
387,PLAYING,786,590,803,786,-1,2.1
388,PLAYING,784,586,799,784,-1,2.0
389,PLAYING,784,580,793,784,-1,2.9
390,PLAYING,775,588,789,775,-1,3.2
391,PLAYING,773,584,783,773,-1,3.4
392,PLAYING,773,580,777,773,0,3.4
393,PLAYING,771,574,771,771,0,1.9
394,PLAYING,771,570,767,771,0,2.6
395,PLAYING,812,592,763,812,1,3.0
396,PLAYING,812,596,761,812,1,1.9
397,PLAYING,810,602,761,810,1,2.4
398,PLAYING,810,606,763,810,1,2.1
399,PLAYING,810,610,765,810,1,2.3
400,PLAYING,796,625,769,796,1,2.5
401,PLAYING,796,631,773,796,1,2.3
402,PLAYING,794,635,777,794,1,2.1
403,PLAYING,794,639,781,794,1,2.2
404,PLAYING,794,643,787,794,0,2.4
405,PLAYING,772,645,791,772,-1,2.2
406,PLAYING,772,649,796,772,-1,3.0
407,PLAYING,772,655,795,772,-1,2.1
408,PLAYING,770,659,793,770,-1,2.6
409,PLAYING,770,663,791,770,-1,2.8
410,PLAYING,757,655,787,757,-1,2.0
411,PLAYING,757,659,783,757,-1,1.9
412,PLAYING,757,665,779,757,-1,2.4
413,PLAYING,755,669,773,755,-1,2.9
414,PLAYING,755,673,769,755,-1,2.0
415,PLAYING,754,660,765,754,-1,2.0
416,PLAYING,752,664,761,752,-1,2.2
417,PLAYING,752,670,755,752,0,2.4
418,PLAYING,752,674,749,752,0,2.8
419,PLAYING,750,678,745,750,0,2.9
420,PLAYING,769,666,743,769,1,2.3
421,PLAYING,767,672,739,767,1,2.0
422,PLAYING,767,676,739,767,1,2.1
423,PLAYING,767,680,741,767,1,2.0
424,PLAYING,765,684,743,765,1,2.9
425,PLAYING,781,692,747,781,1,2.2
426,PLAYING,781,696,751,781,1,2.4
427,PLAYING,779,700,755,779,1,2.2
428,PLAYING,779,704,759,779,1,1.9
429,PLAYING,777,710,763,777,1,3.5
430,PLAYING,786,726,767,786,1,2.3
431,PLAYING,786,730,771,786,1,2.7
432,PLAYING,784,734,775,784,1,3.2
433,PLAYING,784,740,779,784,0,2.8
434,PLAYING,784,744,785,784,0,1.9
435,PLAYING,782,770,790,782,0,2.6
436,PLAYING,782,774,792,782,-1,2.8
437,PLAYING,780,778,794,780,-1,2.2
438,PLAYING,780,784,793,780,-1,2.2
439,PLAYING,780,788,791,780,-1,2.0
440,PLAYING,766,803,789,766,-1,2.0
441,PLAYING,766,807,785,766,-1,2.8
442,PLAYING,766,811,781,766,-1,1.9
443,PLAYING,764,817,777,764,-1,3.2
444,PLAYING,764,821,775,764,-1,2.0
445,PLAYING,742,823,769,742,-1,2.0
446,PLAYING,742,827,767,742,-1,2.0
447,PLAYING,742,831,763,742,-1,2.7
448,PLAYING,740,837,757,740,-1,2.7
449,PLAYING,740,841,753,740,-1,2.0
450,PLAYING,729,833,749,729,-1,2.2
451,PLAYING,727,836,745,727,-1,2.6
452,PLAYING,726,839,739,726,-1,1.8
453,PLAYING,723,842,733,723,-1,2.2
454,PLAYING,722,844,729,722,0,3.0
455,PLAYING,724,836,723,724,0,1.9
456,PLAYING,722,839,719,722,0,2.0
457,PLAYING,724,842,714,724,1,3.6
458,PLAYING,726,844,712,726,1,2.1
459,PLAYING,761,844,718,761,1,2.5
460,PLAYING,748,834,716,748,1,2.8
461,PLAYING,748,828,722,748,1,2.3
462,PLAYING,746,824,724,746,1,1.9
463,PLAYING,746,820,728,746,1,1.9
464,PLAYING,746,816,733,746,1,2.8
465,PLAYING,728,812,737,728,-1,3.5
466,PLAYING,728,808,741,728,-1,2.6
467,PLAYING,726,804,740,726,-1,2.1
468,PLAYING,726,800,738,726,-1,2.5
469,PLAYING,726,794,736,726,-1,2.5
470,PLAYING,715,802,732,715,-1,1.9
471,PLAYING,715,798,730,715,-1,1.9
472,PLAYING,715,794,726,715,-1,2.4
473,PLAYING,713,790,723,713,-1,2.3
474,PLAYING,713,784,719,713,0,2.5
475,PLAYING,711,802,717,711,0,2.0
476,PLAYING,711,798,717,711,0,2.5
477,PLAYING,711,794,717,711,0,2.2
478,PLAYING,709,790,715,709,0,2.0
479,PLAYING,709,784,715,709,0,4.7
480,PLAYING,721,791,715,721,0,2.1
481,PLAYING,719,787,715,719,0,3.3
482,PLAYING,719,783,715,719,0,2.3
483,PLAYING,717,777,715,717,0,2.2
484,PLAYING,717,773,715,717,0,2.0
485,PLAYING,737,767,715,737,1,2.6
486,PLAYING,735,763,715,735,1,2.0
487,PLAYING,735,757,714,735,1,2.6
488,PLAYING,735,753,713,735,1,2.3
489,PLAYING,733,749,717,733,1,2.1
490,PLAYING,744,733,718,744,1,3.9
491,PLAYING,742,727,722,742,1,3.1
492,PLAYING,742,723,727,742,1,2.1
493,PLAYING,742,719,733,742,1,4.2
494,PLAYING,740,715,737,740,0,2.6
495,PLAYING,741,692,741,741,0,3.2
496,PLAYING,741,688,744,741,0,2.1
497,PLAYING,739,684,749,739,-1,2.3
498,PLAYING,739,680,752,739,-1,2.0
499,PLAYING,737,674,747,737,-1,2.1
500,PLAYING,718,654,749,718,-1,1.9
501,PLAYING,718,650,745,718,-1,2.7
502,PLAYING,716,646,743,716,-1,2.3
503,PLAYING,716,640,739,716,-1,3.1
504,PLAYING,716,636,735,716,-1,2.6
505,PLAYING,698,634,731,698,-1,2.0
506,PLAYING,727,634,726,727,0,2.8
507,PLAYING,724,637,723,724,0,4.6
508,PLAYING,680,624,719,680,-1,2.9
509,PLAYING,724,647,717,724,0,2.4
510,PLAYING,727,660,715,727,1,2.3
511,PLAYING,726,664,713,726,1,2.0
512,PLAYING,726,670,713,726,1,1.9
513,PLAYING,724,674,715,724,1,3.3
514,PLAYING,724,678,717,724,0,2.6
515,PLAYING,722,704,721,722,0,1.9
516,PLAYING,722,708,724,722,0,2.1
517,PLAYING,722,714,726,722,0,2.0
518,PLAYING,720,718,726,720,0,2.9
519,PLAYING,720,722,726,720,0,3.3
520,PLAYING,708,737,726,708,-1,2.8
521,PLAYING,706,743,726,706,-1,2.2
522,PLAYING,706,747,725,706,-1,3.2
523,PLAYING,704,751,723,704,-1,1.9
524,PLAYING,704,755,721,704,-1,1.9
525,PLAYING,684,759,717,684,-1,2.5
526,PLAYING,682,763,713,682,-1,3.2
527,PLAYING,682,767,711,682,-1,2.0
528,PLAYING,682,771,711,682,-1,2.0
529,PLAYING,680,777,711,680,-1,3.2
530,PLAYING,669,769,711,669,-1,2.0
531,PLAYING,667,773,711,667,-1,2.2
532,PLAYING,667,777,711,667,-1,2.3
533,PLAYING,667,783,711,667,-1,2.6
534,PLAYING,665,787,711,665,-1,2.1
535,PLAYING,664,774,711,664,-1,2.5
536,PLAYING,664,778,711,664,-1,1.9
537,PLAYING,662,784,711,662,-1,2.1
538,PLAYING,662,788,711,662,-1,2.6
539,PLAYING,660,792,711,660,-1,2.1
540,PLAYING,679,780,711,679,-1,2.6
541,PLAYING,679,786,711,679,-1,3.6
542,PLAYING,677,790,711,677,-1,2.6
543,PLAYING,677,794,711,677,-1,2.5
544,PLAYING,677,798,711,677,-1,1.9
545,PLAYING,691,806,711,691,-1,3.2
546,PLAYING,691,810,711,691,-1,2.4
547,PLAYING,689,814,711,689,-1,2.6
548,PLAYING,689,818,711,689,-1,1.9
549,PLAYING,689,822,711,689,-1,2.1
550,PLAYING,696,837,711,696,-1,2.9
551,PLAYING,695,840,710,695,-1,2.2
552,PLAYING,694,841,711,694,-1,3.0
553,PLAYING,691,843,709,691,-1,3.8
554,PLAYING,692,841,709,692,-1,2.6
555,PLAYING,,,708,,0,1167.3
556,PLAYING,733,776,712,733,1,3.2
557,PLAYING,733,770,712,733,1,2.5
558,PLAYING,733,766,712,733,1,1.9
559,PLAYING,733,760,713,733,1,3.1
560,PLAYING,733,756,713,733,1,2.1
561,PLAYING,714,736,717,714,0,3.1
562,PLAYING,714,732,719,714,0,1.9
563,PLAYING,714,726,724,714,-1,2.7
564,PLAYING,714,722,724,714,-1,2.1
565,PLAYING,714,718,723,714,-1,2.7
566,PLAYING,698,716,721,698,-1,1.9
567,PLAYING,698,710,719,698,-1,3.2
568,PLAYING,698,706,715,698,-1,1.9
569,PLAYING,698,700,711,698,-1,2.0
570,PLAYING,698,696,711,698,-1,2.9
571,PLAYING,689,704,711,689,-1,3.6
572,PLAYING,689,698,711,689,-1,3.0
573,PLAYING,689,694,711,689,-1,1.9
574,PLAYING,689,690,711,689,-1,3.0
575,PLAYING,687,684,711,687,-1,2.4
576,PLAYING,687,702,711,687,-1,2.4
577,PLAYING,687,698,711,687,-1,2.2
578,PLAYING,687,692,711,687,-1,2.3
579,PLAYING,687,688,711,687,-1,1.9
580,PLAYING,687,684,710,687,-1,2.1
581,PLAYING,699,691,711,699,-1,2.0
582,PLAYING,699,685,711,699,-1,3.7
583,PLAYING,699,681,711,699,-1,2.1
584,PLAYING,699,677,712,699,-1,3.1
585,PLAYING,699,671,711,699,-1,2.1
586,PLAYING,719,665,711,719,0,2.6
587,PLAYING,719,661,711,719,0,1.9
588,PLAYING,719,655,711,719,0,2.1
589,PLAYING,719,651,711,719,0,3.1
590,PLAYING,719,645,711,719,0,2.1
591,PLAYING,730,629,711,730,1,3.6
592,PLAYING,730,625,712,730,1,2.8
593,PLAYING,730,619,713,730,1,3.5
594,PLAYING,730,615,713,730,1,3.1
595,PLAYING,730,611,717,730,1,2.0
596,PLAYING,731,590,719,731,1,2.8
597,PLAYING,731,586,723,731,1,2.1
598,PLAYING,731,580,729,731,0,2.7
599,PLAYING,731,576,733,731,0,2.0
600,PLAYING,731,570,738,731,0,2.2
601,PLAYING,712,550,740,712,-1,2.4
602,PLAYING,712,546,742,712,-1,2.2
603,PLAYING,712,540,741,712,-1,2.0
604,PLAYING,712,536,739,712,-1,3.4
605,PLAYING,695,534,737,695,-1,2.0
606,PLAYING,723,542,733,723,-1,2.8
607,PLAYING,724,547,729,724,0,2.5
608,PLAYING,722,551,725,722,0,2.1
609,PLAYING,720,553,721,720,0,2.1
610,PLAYING,717,558,719,717,0,3.1
611,PLAYING,726,574,717,726,1,3.1
612,PLAYING,726,580,717,726,1,1.9
613,PLAYING,726,584,717,726,1,2.0
614,PLAYING,726,588,719,726,0,3.4
615,PLAYING,726,592,721,726,0,3.4
616,PLAYING,726,620,724,726,0,2.1
617,PLAYING,726,624,724,726,0,2.0
618,PLAYING,726,630,724,726,0,2.2
619,PLAYING,726,634,724,726,0,2.1
620,PLAYING,726,638,724,726,0,2.0
621,PLAYING,714,653,724,714,-1,3.6
622,PLAYING,714,659,724,714,-1,2.9
623,PLAYING,714,663,723,714,-1,4.0
624,PLAYING,714,667,721,714,0,3.6
625,PLAYING,714,673,719,714,0,3.2
626,PLAYING,694,675,717,694,-1,3.8
627,PLAYING,694,679,717,694,-1,2.9
628,PLAYING,694,685,715,694,-1,4.7
629,PLAYING,694,689,713,694,-1,3.8
630,PLAYING,694,695,711,694,-1,5.5
631,PLAYING,683,687,711,683,-1,3.5
632,PLAYING,683,691,711,683,-1,2.9
633,PLAYING,683,695,711,683,-1,3.8
634,PLAYING,683,701,711,683,-1,2.6
635,PLAYING,683,705,711,683,-1,3.5
636,PLAYING,682,692,711,682,-1,4.2
637,PLAYING,682,698,711,682,-1,3.9
638,PLAYING,682,702,711,682,-1,3.2
639,PLAYING,682,706,711,682,-1,2.2
640,PLAYING,680,712,711,680,-1,3.0
641,PLAYING,699,700,711,699,-1,2.4
642,PLAYING,699,706,711,699,-1,3.2
643,PLAYING,699,710,711,699,-1,3.1
644,PLAYING,699,714,711,699,-1,2.9
645,PLAYING,699,718,711,699,-1,2.5
646,PLAYING,715,726,711,715,0,3.2
647,PLAYING,715,730,711,715,0,2.2
648,PLAYING,715,734,711,715,0,2.1
649,PLAYING,715,740,711,715,0,1.9
650,PLAYING,715,744,711,715,0,3.3
651,PLAYING,724,760,711,724,1,3.1
652,PLAYING,724,764,711,724,1,2.0
653,PLAYING,724,770,711,724,1,1.9
654,PLAYING,724,774,713,724,1,2.8
655,PLAYING,724,778,717,724,0,5.3
656,PLAYING,724,806,719,724,0,2.2
657,PLAYING,724,810,724,724,0,2.0
658,PLAYING,724,816,724,724,0,2.0
659,PLAYING,724,820,726,724,0,2.2
660,PLAYING,724,824,726,724,0,2.3
661,PLAYING,712,839,726,712,-1,2.4
662,PLAYING,712,845,726,712,-1,2.7
663,PLAYING,717,846,722,717,0,2.5
664,PLAYING,,,721,,0,1165.4
665,PLAYING,808,768,722,808,1,4.1
666,PLAYING,810,772,722,810,1,3.4
667,PLAYING,810,778,723,810,1,2.6
668,PLAYING,796,784,725,796,1,2.1
669,PLAYING,798,788,727,798,1,3.0
670,PLAYING,798,792,731,798,1,1.9
671,PLAYING,800,798,733,800,1,1.9
672,PLAYING,802,802,737,802,1,3.1
673,PLAYING,793,818,741,793,1,2.6
674,PLAYING,795,822,745,795,1,2.0
675,PLAYING,797,828,749,797,1,2.9
676,PLAYING,797,832,753,797,1,2.1
677,PLAYING,799,835,757,799,1,2.1
678,PLAYING,,,768,,0,1166.0
679,PLAYING,1032,377,778,1032,1,4.7
680,PLAYING,1037,356,778,1037,1,2.4
681,PLAYING,1039,354,778,1039,1,2.9
682,PLAYING,1043,350,779,1043,1,3.4
683,PLAYING,1045,346,779,1045,1,2.2
684,PLAYING,1049,342,783,1049,1,2.0
685,PLAYING,1032,322,785,1032,1,2.0
686,PLAYING,1036,318,791,1036,1,3.2
687,PLAYING,1038,316,795,1038,1,2.0
688,PLAYING,1042,312,799,1042,1,3.1
689,PLAYING,1044,308,803,1044,1,2.0
690,PLAYING,1032,306,809,1032,1,3.3
691,PLAYING,1034,302,813,1034,1,2.0
692,PLAYING,1038,300,819,1038,1,2.1
693,PLAYING,1040,296,823,1040,1,2.1
694,PLAYING,1044,292,829,1044,1,3.3
695,PLAYING,1037,300,835,1037,1,2.6
696,PLAYING,1041,296,839,1041,1,2.1
697,PLAYING,1082,287,845,1082,1,2.1
698,PLAYING,1079,286,851,1079,1,2.8
699,PLAYING,1078,283,857,1078,1,2.7
700,PLAYING,1112,288,863,1112,1,2.1
701,PLAYING,1112,288,871,1112,1,2.6
702,PLAYING,1067,313,877,1067,1,2.3
703,PLAYING,1067,316,883,1067,1,2.1
704,PLAYING,1066,318,889,1066,1,2.0
705,PLAYING,1050,329,897,1050,1,2.6
706,PLAYING,1046,333,905,1046,1,2.2
707,PLAYING,1044,337,911,1044,1,2.0
708,PLAYING,1042,341,919,1042,1,2.4
709,PLAYING,1038,345,925,1038,1,2.1
710,PLAYING,1014,347,933,1014,1,2.7
711,PLAYING,1012,349,941,1012,1,2.4
712,PLAYING,1008,353,949,1008,1,1.9
713,PLAYING,1006,357,957,1006,1,2.2
714,PLAYING,1002,361,965,1002,1,2.2
715,PLAYING,989,353,973,989,1,2.6
716,PLAYING,985,355,981,985,0,2.6
717,PLAYING,983,359,991,983,0,2.8
718,PLAYING,979,363,1000,979,-1,2.7
719,PLAYING,977,367,1006,977,-1,2.0
720,PLAYING,972,354,1005,972,-1,2.6
721,PLAYING,970,358,1003,970,-1,2.2
722,PLAYING,966,362,999,966,-1,2.0
723,PLAYING,964,364,997,964,-1,2.4
724,PLAYING,960,368,993,960,-1,2.0
725,PLAYING,977,356,989,977,-1,2.0
726,PLAYING,973,360,985,973,-1,2.6
727,PLAYING,971,364,981,971,-1,4.0
728,PLAYING,967,366,977,967,-1,2.1
729,PLAYING,965,370,973,965,-1,2.2
730,PLAYING,977,376,969,977,0,3.3
731,PLAYING,975,380,965,975,1,3.1
732,PLAYING,971,384,961,971,1,2.3
733,PLAYING,969,388,961,969,0,2.3
734,PLAYING,974,404,963,974,1,2.8
735,PLAYING,972,406,966,972,0,3.3
736,PLAYING,968,410,965,968,0,2.3
737,PLAYING,964,414,968,964,0,1.9
738,PLAYING,962,418,968,962,0,2.4
739,PLAYING,960,444,968,960,0,2.1
740,PLAYING,956,446,968,956,-1,3.0
741,PLAYING,952,450,968,952,-1,2.5
742,PLAYING,950,454,965,950,-1,2.4
743,PLAYING,946,458,965,946,-1,2.0
744,PLAYING,932,473,961,932,-1,2.0
745,PLAYING,928,475,959,928,-1,2.7
746,PLAYING,926,481,953,926,-1,2.6
747,PLAYING,922,483,951,922,-1,1.9
748,PLAYING,920,487,945,920,-1,2.0
749,PLAYING,896,489,941,896,-1,2.1
750,PLAYING,894,493,935,894,-1,2.1
751,PLAYING,887,493,931,887,-1,1.9
752,PLAYING,896,497,927,896,-1,2.5
753,PLAYING,898,501,921,898,-1,2.6
754,PLAYING,892,495,915,892,-1,2.9
755,PLAYING,893,498,911,893,-1,2.0
756,PLAYING,897,501,905,897,0,2.3
757,PLAYING,899,505,899,899,0,2.0
758,PLAYING,903,509,892,903,1,2.5
759,PLAYING,904,494,889,904,1,2.7
760,PLAYING,908,498,892,908,1,2.1
761,PLAYING,910,502,893,910,1,1.9
762,PLAYING,914,506,896,914,1,2.6
763,PLAYING,916,508,897,916,1,2.8
764,PLAYING,939,496,901,939,1,3.0
765,PLAYING,941,500,905,941,1,2.6
766,PLAYING,945,504,909,945,1,2.0
767,PLAYING,947,508,913,947,1,1.9
768,PLAYING,951,512,917,951,1,2.0
769,PLAYING,969,516,922,969,1,2.6
770,PLAYING,973,520,925,973,1,2.7
771,PLAYING,975,524,929,975,1,1.9
772,PLAYING,979,528,935,979,1,2.1
773,PLAYING,981,532,939,981,1,2.5
774,PLAYING,994,548,945,994,1,2.0
775,PLAYING,996,550,949,996,1,2.0
776,PLAYING,1000,554,955,1000,1,2.1
777,PLAYING,1002,558,959,1002,1,1.9
778,PLAYING,1006,562,965,1006,1,3.2
779,PLAYING,1008,588,971,1008,1,2.1
780,PLAYING,1012,590,975,1012,1,1.9
781,PLAYING,1014,594,981,1014,1,2.8
782,PLAYING,1018,598,989,1018,1,2.1
783,PLAYING,1020,602,993,1020,1,2.0
784,PLAYING,1012,617,1001,1012,1,2.1
785,PLAYING,1014,621,1007,1014,0,2.4
786,PLAYING,1018,625,1013,1018,0,2.0
787,PLAYING,1020,627,1020,1020,0,2.0
788,PLAYING,1007,631,1024,1007,-1,3.5
789,PLAYING,1023,633,1030,1023,0,2.3
790,PLAYING,1021,637,1032,1021,-1,3.1
791,PLAYING,1017,641,1034,1017,-1,2.6
792,PLAYING,1015,643,1033,1015,-1,2.9
793,PLAYING,1011,647,1031,1011,-1,2.1
794,PLAYING,1020,639,1029,1020,-1,2.8
795,PLAYING,1016,643,1025,1016,-1,2.9
796,PLAYING,1014,647,1021,1014,0,2.6
797,PLAYING,1010,649,1019,1010,-1,3.1
798,PLAYING,1008,655,1015,1008,0,2.9
799,PLAYING,1005,640,1013,1005,0,2.1
800,PLAYING,1003,644,1011,1003,0,1.9
801,PLAYING,999,648,1009,999,-1,2.8
802,PLAYING,997,652,1007,997,-1,2.2
803,PLAYING,993,654,1007,993,-1,1.9
804,PLAYING,972,642,1003,972,-1,2.4
805,PLAYING,968,646,1001,968,-1,2.0
806,PLAYING,966,650,997,966,-1,3.3
807,PLAYING,962,654,993,962,-1,3.7
808,PLAYING,960,658,989,960,-1,2.1
809,PLAYING,940,662,983,940,-1,2.1
810,PLAYING,938,666,979,938,-1,3.1
811,PLAYING,934,670,975,934,-1,2.7
812,PLAYING,932,674,969,932,-1,2.3
813,PLAYING,928,678,965,928,-1,2.0
814,PLAYING,917,694,959,917,-1,2.0
815,PLAYING,913,696,953,913,-1,2.6
816,PLAYING,911,700,949,911,-1,2.3
817,PLAYING,907,704,943,907,-1,2.0
818,PLAYING,903,708,937,903,-1,2.9
819,PLAYING,901,734,931,901,-1,2.1
820,PLAYING,899,736,925,899,-1,2.4
821,PLAYING,895,740,919,895,-1,2.9
822,PLAYING,891,744,913,891,-1,2.1
823,PLAYING,889,748,907,889,-1,1.9
824,PLAYING,899,763,899,899,0,3.1
825,PLAYING,895,767,893,895,0,2.0
826,PLAYING,891,769,887,891,0,2.7
827,PLAYING,889,773,881,889,1,2.3
828,PLAYING,885,777,877,885,1,2.1
829,PLAYING,903,779,879,903,1,2.0
830,PLAYING,899,783,881,899,1,1.9
831,PLAYING,897,787,883,897,1,2.2
832,PLAYING,893,789,887,893,0,2.4
833,PLAYING,891,793,889,891,0,2.1
834,PLAYING,898,785,894,898,0,2.0
835,PLAYING,896,789,896,896,0,2.4
836,PLAYING,892,793,896,892,0,2.0
837,PLAYING,890,797,896,890,0,2.8
838,PLAYING,886,799,896,886,-1,2.3
839,PLAYING,885,786,896,885,-1,2.0
840,PLAYING,881,790,895,881,-1,2.3
841,PLAYING,879,794,893,879,-1,2.5
842,PLAYING,875,798,891,875,-1,2.9
843,PLAYING,873,800,887,873,-1,2.0
844,PLAYING,850,788,883,850,-1,2.0
845,PLAYING,848,792,879,848,-1,2.2
846,PLAYING,844,796,877,844,-1,4.6
847,PLAYING,842,800,873,842,-1,2.2
848,PLAYING,838,804,867,838,-1,2.8
849,PLAYING,818,810,863,818,-1,3.1
850,PLAYING,816,812,859,816,-1,3.0
851,PLAYING,812,816,855,812,-1,2.6
852,PLAYING,810,820,851,810,-1,2.7
853,PLAYING,806,824,845,806,-1,2.5
854,PLAYING,795,837,840,795,-1,2.5
855,PLAYING,792,840,833,792,-1,1.9
856,PLAYING,790,841,828,790,-1,2.0
857,PLAYING,788,843,822,788,-1,2.4
858,PLAYING,823,843,817,823,0,2.4
859,PLAYING,,,812,,0,1165.2
860,PLAYING,,,840,,0,1167.7
861,PLAYING,,,800,,0,1166.4
862,PLAYING,962,658,800,962,1,3.1
863,PLAYING,962,658,800,962,1,2.2
864,PLAYING,964,654,800,964,1,2.1
865,PLAYING,968,648,801,968,1,2.6
866,PLAYING,970,646,801,970,1,2.0
867,PLAYING,974,642,805,974,1,2.4
868,PLAYING,995,622,809,995,1,2.0
869,PLAYING,997,618,813,997,1,2.1
870,PLAYING,999,614,817,999,1,2.4
871,PLAYING,1003,612,821,1003,1,2.6
872,PLAYING,1005,608,825,1005,1,2.3
873,PLAYING,1023,606,831,1023,1,2.3
874,PLAYING,1025,602,835,1025,1,1.9
875,PLAYING,1029,598,839,1029,1,2.1
876,PLAYING,1031,596,843,1031,1,2.9
877,PLAYING,1033,592,849,1033,1,2.3
878,PLAYING,1046,600,855,1046,1,2.0
879,PLAYING,1048,596,859,1048,1,2.4
880,PLAYING,1050,594,865,1050,1,2.2
881,PLAYING,1054,590,871,1054,1,3.1
882,PLAYING,1056,586,877,1056,1,2.6
883,PLAYING,1058,604,881,1058,1,2.0
884,PLAYING,1060,600,887,1060,1,2.1
885,PLAYING,1064,596,895,1064,1,2.1
886,PLAYING,1066,594,901,1066,1,3.4
887,PLAYING,1068,590,907,1068,1,2.7
888,PLAYING,1058,597,913,1058,1,1.9
889,PLAYING,1062,593,921,1062,1,2.6
890,PLAYING,1064,591,927,1064,1,2.2
891,PLAYING,1066,587,935,1066,1,2.1
892,PLAYING,1070,583,941,1070,1,1.9
893,PLAYING,1052,577,949,1052,1,2.7
894,PLAYING,1075,577,957,1075,1,2.3
895,PLAYING,1077,581,963,1077,1,2.3
896,PLAYING,1081,585,971,1081,1,2.1
897,PLAYING,1083,589,981,1083,1,2.4
898,PLAYING,1096,579,987,1096,1,3.0
899,PLAYING,1098,583,995,1098,1,2.8
900,PLAYING,1102,587,1003,1102,1,2.0
901,PLAYING,1104,591,1013,1104,1,2.6
902,PLAYING,1106,593,1021,1106,1,2.0
903,PLAYING,1109,580,1030,1109,1,2.1
904,PLAYING,1113,584,1038,1113,1,1.9
905,PLAYING,1115,588,1048,1115,1,2.6
906,PLAYING,1117,590,1056,1117,1,2.8
907,PLAYING,1121,594,1066,1121,1,3.0
908,PLAYING,1104,582,1076,1104,1,2.1
909,PLAYING,1106,586,1086,1106,1,2.1
910,PLAYING,1108,590,1094,1108,1,2.0
911,PLAYING,1112,592,1104,1112,1,2.6
912,PLAYING,1114,596,1114,1114,0,2.4
913,PLAYING,1100,602,1124,1100,-1,2.7
914,PLAYING,1104,606,1134,1104,-1,2.2
915,PLAYING,1106,610,1131,1106,-1,2.4
916,PLAYING,1108,612,1131,1108,-1,2.0
917,PLAYING,1110,616,1127,1110,-1,2.0
918,PLAYING,1105,632,1125,1105,-1,3.4
919,PLAYING,1107,636,1121,1107,-1,2.9
920,PLAYING,1109,638,1115,1109,0,2.4
921,PLAYING,1113,642,1111,1113,0,3.2
922,PLAYING,1115,646,1107,1115,0,3.0
923,PLAYING,1117,672,1105,1117,1,3.9
924,PLAYING,1119,676,1103,1119,1,2.0
925,PLAYING,1123,680,1105,1123,1,2.0
926,PLAYING,1125,682,1105,1125,1,2.0
927,PLAYING,1127,686,1109,1127,1,2.0
928,PLAYING,1141,701,1111,1141,1,2.3
929,PLAYING,1145,705,1115,1145,1,2.5
930,PLAYING,1147,707,1119,1147,1,2.1
931,PLAYING,1149,711,1123,1149,1,2.5
932,PLAYING,1153,715,1127,1153,1,2.7
933,PLAYING,1175,717,1131,1175,1,3.3
934,PLAYING,1177,719,1135,1177,1,2.9
935,PLAYING,1179,723,1139,1179,1,3.4
936,PLAYING,1183,727,1143,1183,1,2.6
937,PLAYING,1185,731,1149,1185,1,2.1
938,PLAYING,1198,723,1153,1198,1,2.3
939,PLAYING,1202,725,1157,1202,1,1.9
940,PLAYING,1204,729,1163,1204,1,2.2
941,PLAYING,1206,733,1169,1206,1,2.7
942,PLAYING,1208,737,1173,1208,1,2.2
943,PLAYING,1213,722,1179,1213,1,1.9
944,PLAYING,1215,726,1185,1215,1,1.9
945,PLAYING,1217,730,1191,1217,1,2.0
946,PLAYING,1219,734,1195,1219,1,2.1
947,PLAYING,1223,738,1201,1223,1,2.8
948,PLAYING,1206,724,1207,1206,0,3.7
949,PLAYING,1208,728,1207,1208,0,1.9
950,PLAYING,1212,732,1208,1212,0,1.9
951,PLAYING,1214,736,1208,1214,0,3.0
952,PLAYING,1216,740,1208,1216,1,2.2
953,PLAYING,1204,746,1207,1204,0,3.9
954,PLAYING,1206,748,1207,1206,0,2.8
955,PLAYING,1208,752,1208,1208,0,1.9
956,PLAYING,1210,756,1208,1210,0,1.9
957,PLAYING,1214,760,1208,1214,0,2.1
958,PLAYING,1207,774,1208,1207,0,1.9
959,PLAYING,1209,778,1208,1209,0,2.6
960,PLAYING,1211,782,1208,1211,0,2.1
961,PLAYING,1215,786,1208,1215,0,3.3
962,PLAYING,1217,788,1208,1217,1,3.0
963,PLAYING,1219,814,1208,1219,1,2.2
964,PLAYING,1223,818,1207,1223,1,2.9
965,PLAYING,1225,822,1207,1225,1,3.1
966,PLAYING,1227,826,1207,1227,1,2.5
967,PLAYING,1229,828,1207,1229,1,1.9
968,PLAYING,1245,843,1207,1245,1,1.9
969,PLAYING,1246,846,1208,1246,1,2.0
970,PLAYING,1236,846,1211,1236,1,3.0
971,PLAYING,,,1211,,0,1165.7
972,PLAYING,1101,390,1208,1101,-1,3.0
973,PLAYING,1099,396,1208,1099,-1,2.9
974,PLAYING,1113,402,1205,1113,-1,3.0
975,PLAYING,1113,406,1205,1113,-1,2.6
976,PLAYING,1111,410,1201,1111,-1,2.7
977,PLAYING,1109,414,1199,1109,-1,2.2
978,PLAYING,1109,418,1195,1109,-1,2.4
979,PLAYING,1116,434,1191,1116,-1,1.9
980,PLAYING,1116,434,1187,1116,-1,2.0
981,PLAYING,1118,440,1183,1118,-1,2.5
982,PLAYING,1118,442,1179,1118,-1,3.2
983,PLAYING,1120,438,1175,1120,-1,2.3
984,PLAYING,1120,456,1171,1120,-1,2.0
985,PLAYING,1122,452,1167,1122,-1,2.7
986,PLAYING,1124,446,1161,1124,-1,2.3
987,PLAYING,1126,444,1157,1126,-1,2.2
988,PLAYING,1126,438,1153,1126,-1,2.7
989,PLAYING,1116,445,1147,1116,-1,2.1
990,PLAYING,1118,441,1143,1118,-1,3.6
991,PLAYING,1118,437,1137,1118,-1,2.8
992,PLAYING,1120,433,1131,1120,-1,3.2
993,PLAYING,1122,429,1127,1122,0,3.4
994,PLAYING,1102,421,1119,1102,-1,2.5
995,PLAYING,1104,419,1115,1104,-1,3.1
996,PLAYING,1106,413,1111,1106,0,3.0
997,PLAYING,1106,409,1105,1106,0,4.1
998,PLAYING,1108,405,1101,1108,0,4.0
999,PLAYING,1099,389,1097,1099,0,5.0
1000,PLAYING,1099,385,1095,1099,0,3.0
1001,PLAYING,1101,381,1093,1101,1,5.7
1002,PLAYING,1103,377,1091,1103,1,3.1
1003,PLAYING,1103,373,1091,1103,1,4.3
1004,PLAYING,1104,352,1093,1104,1,3.0
1005,PLAYING,1106,348,1095,1106,1,2.8
1006,PLAYING,1108,342,1099,1108,1,3.1
1007,PLAYING,1108,338,1103,1108,0,3.4
1008,PLAYING,1110,334,1107,1110,0,3.4
1009,PLAYING,1151,319,1112,1151,1,4.1
1010,PLAYING,1149,323,1114,1149,1,2.7
1011,PLAYING,1148,326,1117,1148,1,3.6
1012,PLAYING,,,1121,,0,1167.7
1013,PLAYING,,,1134,,0,1165.6
1014,PLAYING,,,,,0,1166.2
1015,PLAYING,,,,,0,1166.4
1016,PLAYING,960,382,1134,960,-1,5.5
1017,PLAYING,960,382,1134,960,-1,2.0
1018,PLAYING,960,382,1134,960,-1,2.9
1019,PLAYING,960,382,1134,960,-1,2.6
1020,PLAYING,960,382,1134,960,-1,2.8
1021,PLAYING,1032,382,1134,1032,-1,3.0
1022,PLAYING,1032,382,1134,1032,-1,2.0
1023,PLAYING,1032,382,1134,1032,-1,2.1
1024,PLAYING,1032,382,1134,1032,-1,1.8
1025,PLAYING,1032,382,1134,1032,-1,2.1
1026,PLAYING,1032,382,1134,1032,-1,2.4
1027,PLAYING,1032,382,1134,1032,-1,2.0
1028,PLAYING,1032,382,1134,1032,-1,2.6
1029,PLAYING,1032,382,1134,1032,-1,1.8
1030,PLAYING,1032,382,1134,1032,-1,1.9
1031,PLAYING,1032,382,1134,1032,-1,2.4
1032,PLAYING,1032,382,1134,1032,-1,2.5
1033,PLAYING,1032,382,1134,1032,-1,1.8
1034,PLAYING,1032,382,1134,1032,-1,2.1
1035,PLAYING,1032,382,1134,1032,-1,2.5
1036,PLAYING,1032,382,1134,1032,-1,1.8
1037,PLAYING,1032,382,1134,1032,-1,1.8
1038,PLAYING,1032,382,1134,1032,-1,2.5
1039,PLAYING,1032,382,1134,1032,-1,1.8
1040,PLAYING,1032,382,1134,1032,-1,1.8
1041,PLAYING,1032,382,1134,1032,-1,2.9
1042,PLAYING,1032,382,1134,1032,-1,1.9
1043,PLAYING,1032,382,1134,1032,-1,2.0
1044,PLAYING,1032,382,1134,1032,-1,1.8
1045,PLAYING,1032,382,1134,1032,-1,1.7
1046,PLAYING,1032,382,1134,1032,-1,1.8
1047,PLAYING,1032,382,1134,1032,-1,1.8
1048,PLAYING,1032,382,1134,1032,-1,1.7
1049,PLAYING,1032,382,1134,1032,-1,2.3
1050,PLAYING,1032,382,1134,1032,-1,2.6
1051,PLAYING,1032,382,1134,1032,-1,2.0
1052,PLAYING,1032,382,1134,1032,-1,2.8
1053,PLAYING,1032,382,1134,1032,-1,1.8
1054,PLAYING,1032,382,1134,1032,-1,1.8
1055,PLAYING,1032,382,1134,1032,-1,2.7
1056,PLAYING,1032,382,1134,1032,-1,2.4
1057,PLAYING,1032,382,1134,1032,-1,2.3
1058,PLAYING,1032,382,1134,1032,-1,1.8
1059,PLAYING,1032,382,1134,1032,-1,2.3
1060,PLAYING,1032,382,1134,1032,-1,1.9
1061,PLAYING,1032,382,1134,1032,-1,2.5
1062,PLAYING,1032,382,1134,1032,-1,1.8
1063,PLAYING,1032,382,1134,1032,-1,2.1
1064,PLAYING,1032,382,1134,1032,-1,2.6
1065,PLAYING,1032,382,1134,1032,-1,1.8
1066,PLAYING,1032,382,1134,1032,-1,2.1
1067,PLAYING,1032,382,1134,1032,-1,1.8
1068,PLAYING,1032,382,1134,1032,-1,2.3
1069,PLAYING,1032,382,1134,1032,-1,5.0
1070,PLAYING,1032,382,1131,1032,-1,2.3
1071,PLAYING,1032,382,1129,1032,-1,1.8
1072,PLAYING,1032,382,1127,1032,-1,1.8
1073,PLAYING,1032,382,1123,1032,-1,1.8
1074,PLAYING,1032,382,1119,1032,-1,2.0
1075,PLAYING,1032,382,1115,1032,-1,2.4
1076,PLAYING,1032,382,1111,1032,-1,1.8
1077,PLAYING,1032,382,1107,1032,-1,2.5
1078,PLAYING,1032,382,1101,1032,-1,2.9
1079,PLAYING,1032,382,1097,1032,-1,2.5
1080,PLAYING,1032,382,1091,1032,-1,2.0
1081,PLAYING,1032,382,1087,1032,-1,2.2
1082,PLAYING,1032,382,1081,1032,-1,2.9
1083,PLAYING,1032,382,1075,1032,-1,2.4
1084,PLAYING,1032,382,1069,1032,-1,2.0
1085,PLAYING,1032,382,1065,1032,-1,2.4
1086,PLAYING,1032,382,1057,1032,-1,2.7
1087,PLAYING,1032,382,1053,1032,-1,1.8
1088,PLAYING,1032,382,1045,1032,-1,1.8
1089,PLAYING,1032,382,1039,1032,0,2.9
1090,PLAYING,1032,382,1033,1032,0,1.8
1091,PLAYING,1032,382,1027,1032,0,1.8
1092,PLAYING,1032,382,1023,1032,1,2.7
1093,PLAYING,1032,382,1019,1032,1,2.0
1094,PLAYING,1032,382,1019,1032,1,3.2
1095,PLAYING,1032,382,1021,1032,1,2.5
1096,PLAYING,1032,382,1023,1032,1,1.8
1097,PLAYING,1032,382,1027,1032,0,2.3
1098,PLAYING,1032,382,1031,1032,0,2.8
1099,PLAYING,1032,382,1034,1032,0,2.2
1100,PLAYING,1032,382,1036,1032,0,2.4
1101,PLAYING,1032,382,1038,1032,0,1.8
1102,PLAYING,1032,382,1038,1032,0,1.8
1103,PLAYING,1032,382,1038,1032,0,2.7
1104,PLAYING,1032,382,1038,1032,0,1.8
1105,PLAYING,1032,382,1038,1032,0,1.8
1106,PLAYING,1032,382,1038,1032,0,2.4
1107,PLAYING,1032,382,1038,1032,0,1.8
1108,PLAYING,1032,382,1038,1032,0,1.9
1109,PLAYING,1032,382,1038,1032,0,2.4
1110,PLAYING,1032,382,1038,1032,0,1.8
1111,PLAYING,1032,382,1038,1032,0,1.9
1112,PLAYING,1032,382,1038,1032,0,2.5
1113,PLAYING,1032,382,1038,1032,0,2.4
1114,PLAYING,1032,382,1038,1032,0,2.7
1115,PLAYING,1032,382,1038,1032,0,2.5
1116,PLAYING,1032,382,1038,1032,0,1.8
1117,PLAYING,1032,382,1038,1032,0,2.6
1118,PLAYING,1032,382,1038,1032,0,1.8
1119,PLAYING,1032,382,1038,1032,0,2.4
1120,PLAYING,1032,382,1038,1032,0,2.3
1121,PLAYING,1032,382,1038,1032,0,3.0
1122,PLAYING,1032,382,1038,1032,0,3.1
1123,PLAYING,1032,382,1038,1032,0,3.4
1124,PLAYING,1032,382,1038,1032,0,3.0
1125,PLAYING,1032,382,1038,1032,0,2.4
1126,PLAYING,1032,382,1038,1032,0,2.6
1127,PLAYING,1032,382,1038,1032,0,1.9
1128,PLAYING,1032,382,1038,1032,0,2.8
1129,PLAYING,1032,382,1038,1032,0,2.3
1130,PLAYING,1032,382,1038,1032,0,1.9
1131,PLAYING,1032,382,1038,1032,0,2.3
1132,PLAYING,1032,382,1038,1032,0,2.8
1133,PLAYING,1032,382,1038,1032,0,2.0
1134,PLAYING,1032,382,1038,1032,0,2.5
1135,PLAYING,1032,382,1038,1032,0,1.9
1136,PLAYING,1032,382,1038,1032,0,1.9
1137,PLAYING,1032,382,1038,1032,0,2.4
1138,PLAYING,1032,382,1038,1032,0,3.2
1139,PLAYING,1032,382,1038,1032,0,2.4
1140,PLAYING,1032,382,1038,1032,0,1.8
1141,PLAYING,1032,382,1038,1032,0,1.9
1142,PLAYING,1032,382,1038,1032,0,3.2
1143,PLAYING,1032,382,1038,1032,0,2.3
1144,PLAYING,1032,382,1038,1032,0,1.9
1145,PLAYING,1032,382,1038,1032,0,1.8
1146,PLAYING,1032,382,1038,1032,0,2.0
1147,PLAYING,1032,382,1038,1032,0,2.7
1148,PLAYING,1032,382,1038,1032,0,1.7
1149,PLAYING,1032,382,1038,1032,0,3.1
1150,PLAYING,1032,382,1038,1032,0,3.7
1151,PLAYING,1032,382,1038,1032,0,1.8
1152,PLAYING,1032,382,1038,1032,0,1.8
1153,PLAYING,1032,382,1038,1032,0,2.5
1154,PLAYING,1032,382,1038,1032,0,2.8
1155,PLAYING,1032,382,1038,1032,0,2.3
1156,PLAYING,1032,382,1038,1032,0,3.2
1157,PLAYING,1032,382,1038,1032,0,1.9
1158,PLAYING,1032,382,1038,1032,0,1.7
1159,PLAYING,1032,382,1038,1032,0,2.5
1160,PLAYING,1032,382,1038,1032,0,2.3
1161,PLAYING,1032,382,1038,1032,0,1.8
1162,PLAYING,1032,382,1038,1032,0,1.9
1163,PLAYING,1032,382,1038,1032,0,2.3
1164,PLAYING,1032,382,1038,1032,0,2.5
1165,PLAYING,1032,382,1038,1032,0,2.2
1166,PLAYING,1032,382,1038,1032,0,2.7
1167,PLAYING,1032,382,1038,1032,0,2.6
1168,PLAYING,1032,382,1038,1032,0,2.5
1169,PLAYING,1032,382,1038,1032,0,4.0
1170,PLAYING,1032,382,1038,1032,0,2.1
1171,PLAYING,1032,382,1038,1032,0,2.6
1172,PLAYING,1032,382,1038,1032,0,2.7
1173,PLAYING,1032,382,1038,1032,0,1.9
1174,PLAYING,1032,382,1038,1032,0,2.1
1175,PLAYING,1032,382,1038,1032,0,2.6
1176,PLAYING,1032,382,1038,1032,0,2.1
1177,PLAYING,1032,382,1038,1032,0,2.1
1178,PLAYING,1032,382,1038,1032,0,2.0
1179,PLAYING,1032,382,1038,1032,0,2.0
1180,PLAYING,1032,382,1038,1032,0,1.9
1181,PLAYING,1032,382,1038,1032,0,2.1
1182,PLAYING,1032,382,1038,1032,0,2.0
1183,PLAYING,1032,382,1038,1032,0,2.0
1184,PLAYING,1032,382,1038,1032,0,2.3
1185,PLAYING,1032,382,1038,1032,0,2.5
1186,PLAYING,1032,382,1038,1032,0,2.0
1187,PLAYING,1032,382,1038,1032,0,1.9
1188,PLAYING,1032,382,1038,1032,0,2.8
1189,PLAYING,1032,382,1038,1032,0,2.1
1190,PLAYING,1032,382,1038,1032,0,1.9
1191,PLAYING,1032,382,1038,1032,0,2.0
1192,PLAYING,1032,382,1038,1032,0,1.9
1193,PLAYING,1032,382,1038,1032,0,2.8
1194,PLAYING,1032,382,1038,1032,0,2.0
1195,PLAYING,1032,382,1038,1032,0,2.3
1196,PLAYING,1032,382,1038,1032,0,2.7
1197,PLAYING,1032,382,1038,1032,0,2.0
1198,PLAYING,1032,382,1038,1032,0,2.1
1199,PLAYING,1032,382,1038,1032,0,3.0
1200,PLAYING,1032,382,1038,1032,0,1.9
1201,PLAYING,1032,382,1038,1032,0,2.9
1202,PLAYING,1032,382,1038,1032,0,2.2
1203,PLAYING,1032,382,1038,1032,0,2.2
1204,PLAYING,1032,382,1038,1032,0,2.5
1205,PLAYING,1032,382,1038,1032,0,2.7
1206,PLAYING,1032,382,1038,1032,0,2.6
1207,PLAYING,1032,382,1038,1032,0,2.2
1208,PLAYING,1032,382,1038,1032,0,2.6
1209,PLAYING,1032,382,1038,1032,0,2.9
1210,PLAYING,1032,382,1038,1032,0,3.3
1211,PLAYING,1032,382,1038,1032,0,2.2
1212,PLAYING,1032,382,1038,1032,0,2.5
1213,PLAYING,1032,382,1038,1032,0,2.4
1214,PLAYING,1032,382,1038,1032,0,3.0
1215,PLAYING,1032,382,1038,1032,0,2.0
1216,PLAYING,1032,382,1038,1032,0,2.0
1217,PLAYING,1032,382,1038,1032,0,2.2
1218,PLAYING,1032,382,1038,1032,0,2.7
1219,PLAYING,1032,382,1038,1032,0,2.2
1220,PLAYING,1032,382,1038,1032,0,2.9
1221,PLAYING,1032,382,1038,1032,0,1.9
1222,PLAYING,1032,382,1038,1032,0,2.7
1223,PLAYING,1032,382,1038,1032,0,2.0
1224,PLAYING,1032,382,1038,1032,0,1.8
1225,PLAYING,1032,382,1038,1032,0,2.9
1226,PLAYING,1032,382,1038,1032,0,2.0
1227,PLAYING,1032,382,1038,1032,0,2.9
1228,PLAYING,1032,382,1038,1032,0,1.9
1229,PLAYING,1032,382,1038,1032,0,2.0
1230,PLAYING,1032,382,1038,1032,0,2.7
1231,PLAYING,1032,382,1038,1032,0,2.8
1232,PLAYING,1032,382,1038,1032,0,1.9
1233,PLAYING,1032,382,1038,1032,0,1.9
1234,PLAYING,1032,382,1038,1032,0,2.0
1235,PLAYING,1032,382,1038,1032,0,2.0
1236,PLAYING,1032,382,1038,1032,0,2.7
1237,PLAYING,1032,382,1038,1032,0,2.7
1238,PLAYING,1032,382,1038,1032,0,2.5
1239,PLAYING,1032,382,1038,1032,0,2.5
1240,PLAYING,1032,382,1038,1032,0,1.9
1241,PLAYING,1032,382,1038,1032,0,2.0
1242,PLAYING,1032,382,1038,1032,0,3.4
1243,PLAYING,1032,382,1038,1032,0,2.3
1244,PLAYING,1032,382,1038,1032,0,2.1
1245,PLAYING,1032,382,1038,1032,0,2.5
1246,PLAYING,1032,382,1038,1032,0,3.6
1247,PLAYING,1032,382,1038,1032,0,1.9
1248,PLAYING,1032,382,1038,1032,0,2.7
1249,PLAYING,1032,382,1038,1032,0,2.7
1250,PLAYING,1032,382,1038,1032,0,2.3
1251,PLAYING,1032,382,1038,1032,0,2.9
1252,PLAYING,1032,382,1038,1032,0,2.0
1253,PLAYING,1032,382,1038,1032,0,2.3
1254,PLAYING,1032,382,1038,1032,0,3.0
1255,PLAYING,1032,382,1038,1032,0,1.9
1256,PLAYING,1032,382,1038,1032,0,2.8
1257,PLAYING,1032,382,1038,1032,0,2.0
1258,PLAYING,1032,382,1038,1032,0,2.4
1259,PLAYING,1032,382,1038,1032,0,2.0
1260,PLAYING,1032,382,1038,1032,0,2.4
1261,PLAYING,1032,382,1038,1032,0,2.1
1262,PLAYING,1032,382,1038,1032,0,2.9
1263,PLAYING,1032,382,1038,1032,0,2.0
1264,PLAYING,1032,382,1038,1032,0,2.9
1265,PLAYING,1032,382,1038,1032,0,2.1
1266,PLAYING,1032,382,1038,1032,0,2.6
1267,PLAYING,1032,382,1038,1032,0,2.8
1268,PLAYING,1032,382,1038,1032,0,2.1
1269,PLAYING,1032,382,1038,1032,0,3.1
1270,PLAYING,1032,382,1038,1032,0,2.2
1271,PLAYING,1032,382,1038,1032,0,2.0
1272,PLAYING,1032,382,1038,1032,0,2.6
1273,PLAYING,1032,382,1038,1032,0,2.6
1274,PLAYING,1032,382,1038,1032,0,2.6
1275,PLAYING,1032,382,1038,1032,0,2.1
1276,PLAYING,1032,382,1038,1032,0,2.2
1277,PLAYING,1032,382,1038,1032,0,2.4
1278,PLAYING,1032,382,1038,1032,0,2.2
1279,PLAYING,1032,382,1038,1032,0,2.9
1280,PLAYING,1032,382,1038,1032,0,2.7
1281,PLAYING,1032,382,1038,1032,0,1.9
1282,PLAYING,1032,382,1038,1032,0,2.0
1283,PLAYING,1032,382,1038,1032,0,2.8
1284,PLAYING,1032,382,1038,1032,0,2.1
1285,PLAYING,1032,382,1038,1032,0,1.9
1286,PLAYING,1032,382,1038,1032,0,2.7
1287,PLAYING,1032,382,1038,1032,0,2.4
1288,PLAYING,1032,382,1038,1032,0,4.7
1289,PLAYING,1032,382,1038,1032,0,2.0
1290,PLAYING,1032,382,1038,1032,0,2.0
1291,PLAYING,1032,382,1038,1032,0,2.4
1292,PLAYING,1032,382,1038,1032,0,2.9
1293,PLAYING,1032,382,1038,1032,0,2.0
1294,PLAYING,1032,382,1038,1032,0,2.0
1295,PLAYING,1032,382,1038,1032,0,2.9
1296,PLAYING,1032,382,1038,1032,0,2.2
1297,PLAYING,1032,382,1038,1032,0,1.9
1298,PLAYING,1032,382,1038,1032,0,2.6
1299,PLAYING,1032,382,1038,1032,0,2.1
1300,PLAYING,1032,382,1038,1032,0,2.2
1301,PLAYING,1032,382,1038,1032,0,1.9
1302,PLAYING,1032,382,1038,1032,0,2.6
1303,PLAYING,1032,382,1038,1032,0,3.9
1304,PLAYING,1032,382,1038,1032,0,2.1
1305,PLAYING,1032,382,1038,1032,0,1.9
1306,PLAYING,1032,382,1038,1032,0,2.1
1307,PLAYING,1032,382,1038,1032,0,2.0
1308,PLAYING,1032,382,1038,1032,0,1.9
1309,PLAYING,1032,382,1038,1032,0,2.5
1310,PLAYING,1032,382,1038,1032,0,1.9
1311,PLAYING,1032,382,1038,1032,0,2.0
1312,PLAYING,1032,382,1038,1032,0,2.2
1313,PLAYING,1032,382,1038,1032,0,2.7
1314,PLAYING,1032,382,1038,1032,0,1.9
1315,PLAYING,1032,382,1038,1032,0,3.5
1316,PLAYING,1032,382,1038,1032,0,2.1
1317,PLAYING,1032,382,1038,1032,0,2.0
1318,PLAYING,1032,382,1038,1032,0,2.7
1319,PLAYING,1032,382,1038,1032,0,2.0
1320,PLAYING,1032,382,1038,1032,0,1.9
1321,PLAYING,1032,382,1038,1032,0,2.4
1322,PLAYING,1032,382,1038,1032,0,2.0
1323,PLAYING,1032,382,1038,1032,0,2.2
1324,PLAYING,1032,382,1038,1032,0,2.0
1325,PLAYING,1032,382,1038,1032,0,2.2
1326,PLAYING,1032,382,1038,1032,0,2.6
1327,PLAYING,1032,382,1038,1032,0,2.3
1328,PLAYING,1032,382,1038,1032,0,2.6
1329,PLAYING,1032,382,1038,1032,0,2.0
1330,PLAYING,1032,382,1038,1032,0,4.1
1331,PLAYING,1032,382,1038,1032,0,2.2
1332,PLAYING,1032,382,1038,1032,0,1.9
1333,PLAYING,1032,382,1038,1032,0,2.3
1334,PLAYING,1032,382,1038,1032,0,2.8
1335,PLAYING,1032,382,1038,1032,0,2.5
1336,PLAYING,1032,382,1038,1032,0,2.8
1337,PLAYING,1032,382,1038,1032,0,2.1
1338,PLAYING,1032,382,1038,1032,0,2.9
1339,PLAYING,1032,382,1038,1032,0,2.4
1340,PLAYING,1032,382,1038,1032,0,2.2
1341,PLAYING,1032,382,1038,1032,0,2.0
1342,PLAYING,1032,382,1038,1032,0,3.1
1343,PLAYING,1032,382,1038,1032,0,2.1
1344,PLAYING,1032,382,1038,1032,0,2.8
1345,PLAYING,1032,382,1038,1032,0,2.0
1346,PLAYING,1032,382,1038,1032,0,2.4
1347,PLAYING,1032,382,1038,1032,0,2.1
1348,PLAYING,1032,382,1038,1032,0,2.0
1349,PLAYING,1032,382,1038,1032,0,2.0
1350,PLAYING,1032,382,1038,1032,0,3.0
1351,PLAYING,1032,382,1038,1032,0,3.7
1352,PLAYING,1032,382,1038,1032,0,2.2
1353,PLAYING,1032,382,1038,1032,0,2.0
1354,PLAYING,1032,382,1038,1032,0,2.5
1355,PLAYING,1032,382,1038,1032,0,2.3
1356,PLAYING,1032,382,1038,1032,0,2.6
1357,PLAYING,1032,382,1038,1032,0,2.1
1358,PLAYING,1032,382,1038,1032,0,2.7
1359,PLAYING,1032,382,1038,1032,0,2.4
1360,PLAYING,1032,382,1038,1032,0,2.1
1361,PLAYING,1032,382,1038,1032,0,2.1
1362,PLAYING,1032,382,1038,1032,0,3.5
1363,PLAYING,1032,382,1038,1032,0,2.9
1364,PLAYING,1032,382,1038,1032,0,3.0
1365,PLAYING,1032,382,1038,1032,0,2.3
1366,PLAYING,1032,382,1038,1032,0,2.6
1367,PLAYING,1032,382,1038,1032,0,2.4
1368,PLAYING,1032,382,1038,1032,0,3.8
1369,PLAYING,1032,382,1038,1032,0,3.3
1370,PLAYING,1032,382,1038,1032,0,3.6
1371,PLAYING,1032,382,1038,1032,0,2.1
1372,PLAYING,1032,382,1038,1032,0,3.6
1373,PLAYING,1032,382,1038,1032,0,2.9
1374,PLAYING,1032,382,1038,1032,0,2.7
1375,PLAYING,1032,382,1038,1032,0,3.2
1376,PLAYING,1032,382,1038,1032,0,2.4
1377,PLAYING,1032,382,1038,1032,0,2.1
1378,PLAYING,1032,382,1038,1032,0,2.8
1379,PLAYING,1032,382,1038,1032,0,2.2
1380,PLAYING,1032,382,1038,1032,0,2.9
1381,PLAYING,1032,382,1038,1032,0,2.3
1382,PLAYING,1032,382,1038,1032,0,2.5
1383,PLAYING,1032,382,1038,1032,0,1.9
1384,PLAYING,1032,382,1038,1032,0,2.3
1385,PLAYING,1032,382,1038,1032,0,2.1
1386,PLAYING,1032,382,1038,1032,0,3.0
1387,PLAYING,1032,382,1038,1032,0,2.8
1388,PLAYING,1032,382,1038,1032,0,2.5
1389,PLAYING,1032,382,1038,1032,0,2.1
1390,PLAYING,1032,382,1038,1032,0,2.9
1391,PLAYING,1032,382,1038,1032,0,2.5
1392,PLAYING,1032,382,1038,1032,0,2.3
1393,PLAYING,1032,382,1038,1032,0,2.7
1394,PLAYING,1032,382,1038,1032,0,3.2
1395,PLAYING,1032,382,1038,1032,0,2.2
1396,PLAYING,1032,382,1038,1032,0,2.6
1397,PLAYING,1032,382,1038,1032,0,3.6
1398,PLAYING,1032,382,1038,1032,0,2.0
1399,PLAYING,1032,382,1038,1032,0,2.4
1400,PLAYING,1032,382,1038,1032,0,2.1
1401,PLAYING,1032,382,1038,1032,0,2.9
1402,PLAYING,1032,382,1038,1032,0,2.2
1403,PLAYING,1032,382,1038,1032,0,2.0
1404,PLAYING,1032,382,1038,1032,0,2.3
1405,PLAYING,1032,382,1038,1032,0,2.4
1406,PLAYING,1032,382,1038,1032,0,2.0
1407,PLAYING,1032,382,1038,1032,0,2.9
1408,PLAYING,1032,382,1038,1032,0,3.1
1409,PLAYING,1032,382,1038,1032,0,3.2
1410,PLAYING,1032,382,1038,1032,0,2.0
1411,PLAYING,1032,382,1038,1032,0,3.4
1412,PLAYING,1032,382,1038,1032,0,2.5
1413,PLAYING,1032,382,1038,1032,0,2.9
1414,PLAYING,1032,382,1038,1032,0,2.5
1415,PLAYING,1032,382,1038,1032,0,2.0
1416,PLAYING,1032,382,1038,1032,0,1.9
1417,PLAYING,1032,382,1038,1032,0,2.9
1418,PLAYING,1032,382,1038,1032,0,2.0
1419,PLAYING,1032,382,1038,1032,0,2.9
1420,PLAYING,1032,382,1038,1032,0,2.8
1421,PLAYING,1032,382,1038,1032,0,1.9
1422,PLAYING,1032,382,1038,1032,0,3.4
1423,PLAYING,1032,382,1038,1032,0,2.6
1424,PLAYING,1032,382,1038,1032,0,1.8
1425,PLAYING,1032,382,1038,1032,0,2.3
1426,PLAYING,1032,382,1038,1032,0,1.9
1427,PLAYING,1032,382,1038,1032,0,2.0
1428,PLAYING,1032,382,1038,1032,0,2.6
1429,PLAYING,1032,382,1038,1032,0,1.8
1430,PLAYING,1032,382,1038,1032,0,2.8
1431,PLAYING,1032,382,1038,1032,0,2.0
1432,PLAYING,1032,382,1038,1032,0,2.8
1433,PLAYING,1032,382,1038,1032,0,4.8
1434,PLAYING,1032,382,1038,1032,0,1.9
1435,PLAYING,1032,382,1038,1032,0,2.9
1436,PLAYING,1032,382,1038,1032,0,1.9
1437,PLAYING,1032,382,1038,1032,0,3.0
1438,PLAYING,1032,382,1038,1032,0,2.1
1439,PLAYING,1032,382,1038,1032,0,1.9
1440,PLAYING,1032,382,1038,1032,0,2.7
1441,PLAYING,1032,382,1038,1032,0,2.9
1442,PLAYING,1032,382,1038,1032,0,2.9
1443,PLAYING,1032,382,1038,1032,0,2.3
1444,PLAYING,1032,382,1038,1032,0,1.9
1445,PLAYING,1032,382,1038,1032,0,3.1
1446,PLAYING,1032,382,1038,1032,0,3.0
1447,PLAYING,1032,382,1038,1032,0,2.1
1448,PLAYING,1032,382,1038,1032,0,1.9
1449,PLAYING,1032,382,1038,1032,0,2.0
1450,PLAYING,1032,382,1038,1032,0,2.4
1451,PLAYING,1032,382,1038,1032,0,2.7
1452,PLAYING,1032,382,1038,1032,0,1.9
1453,PLAYING,1032,382,1038,1032,0,2.1
1454,PLAYING,1032,382,1038,1032,0,2.6
1455,PLAYING,1032,382,1038,1032,0,2.3
1456,PLAYING,1032,382,1038,1032,0,2.3
1457,PLAYING,1032,382,1038,1032,0,2.8
1458,PLAYING,1032,382,1038,1032,0,2.0
1459,PLAYING,1032,382,1038,1032,0,3.4
1460,PLAYING,1032,382,1038,1032,0,1.9
1461,PLAYING,1032,382,1038,1032,0,3.4
1462,PLAYING,1032,382,1038,1032,0,2.1
1463,PLAYING,1032,382,1038,1032,0,2.0
1464,PLAYING,1032,382,1038,1032,0,3.1
1465,PLAYING,1032,382,1038,1032,0,2.5
1466,PLAYING,1032,382,1038,1032,0,3.2
1467,PLAYING,1032,382,1038,1032,0,3.0
1468,PLAYING,1032,382,1038,1032,0,2.5
1469,PLAYING,1032,382,1038,1032,0,2.0
1470,PLAYING,1032,382,1038,1032,0,2.2
1471,PLAYING,1032,382,1038,1032,0,3.2
1472,PLAYING,1032,382,1038,1032,0,2.6
1473,PLAYING,1032,382,1038,1032,0,2.1
1474,PLAYING,1032,382,1038,1032,0,2.0
1475,PLAYING,1032,382,1038,1032,0,3.0
1476,PLAYING,1032,382,1038,1032,0,2.6
1477,PLAYING,1032,382,1038,1032,0,2.1
1478,PLAYING,1032,382,1038,1032,0,2.0
1479,PLAYING,1032,382,1038,1032,0,1.9
1480,PLAYING,1032,382,1038,1032,0,3.1
1481,PLAYING,1032,382,1038,1032,0,1.9
1482,PLAYING,1032,382,1038,1032,0,3.0
1483,PLAYING,1032,382,1038,1032,0,2.5
1484,PLAYING,1032,382,1038,1032,0,2.4
1485,PLAYING,1032,382,1038,1032,0,5.3
1486,PLAYING,1032,382,1038,1032,0,2.8
1487,PLAYING,1032,382,1038,1032,0,2.3
1488,PLAYING,1032,382,1038,1032,0,2.6
1489,PLAYING,1032,382,1038,1032,0,2.0
1490,PLAYING,1032,382,1038,1032,0,2.8
1491,PLAYING,1032,382,1038,1032,0,2.3
1492,PLAYING,1032,382,1038,1032,0,3.2
1493,PLAYING,1032,382,1038,1032,0,2.6
1494,PLAYING,1032,382,1038,1032,0,2.3
1495,PLAYING,1032,382,1038,1032,0,2.4
1496,PLAYING,1032,382,1038,1032,0,2.7
1497,PLAYING,1032,382,1038,1032,0,2.7
1498,PLAYING,1032,382,1038,1032,0,2.0
1499,PLAYING,1032,382,1038,1032,0,2.4
1500,PLAYING,1032,382,1038,1032,0,3.1
1501,PLAYING,1032,382,1038,1032,0,2.9
1502,PLAYING,1032,382,1038,1032,0,2.6
1503,PLAYING,1032,382,1038,1032,0,2.5
1504,PLAYING,1032,382,1038,1032,0,2.7
1505,PLAYING,1032,382,1038,1032,0,2.1
1506,PLAYING,1032,382,1038,1032,0,1.9
1507,PLAYING,1032,382,1038,1032,0,2.5
1508,PLAYING,1032,382,1038,1032,0,1.9
1509,PLAYING,1032,382,1038,1032,0,2.5
1510,PLAYING,1032,382,1038,1032,0,3.2
1511,PLAYING,1032,382,1038,1032,0,2.6
1512,PLAYING,1032,382,1038,1032,0,2.9
1513,PLAYING,1032,382,1038,1032,0,3.2
1514,PLAYING,1032,382,1038,1032,0,3.1
1515,PLAYING,1032,382,1038,1032,0,2.6
1516,PLAYING,1032,382,1038,1032,0,2.4
1517,PLAYING,1032,382,1038,1032,0,2.7
1518,PLAYING,1032,382,1038,1032,0,2.1
1519,PLAYING,1032,382,1038,1032,0,1.9
1520,PLAYING,1032,382,1038,1032,0,2.1
1521,PLAYING,1032,382,1038,1032,0,2.5
1522,PLAYING,1032,382,1038,1032,0,2.5
1523,PLAYING,1032,382,1038,1032,0,2.5
1524,PLAYING,1032,382,1038,1032,0,2.8
1525,PLAYING,1032,382,1038,1032,0,2.2
1526,PLAYING,1032,382,1038,1032,0,2.0
1527,PLAYING,1032,382,1038,1032,0,1.9
1528,PLAYING,1032,382,1038,1032,0,2.0
1529,PLAYING,1032,382,1038,1032,0,2.8
1530,PLAYING,1032,382,1038,1032,0,2.4
1531,PLAYING,1032,382,1038,1032,0,2.3
1532,PLAYING,1032,382,1038,1032,0,2.0
1533,PLAYING,1032,382,1038,1032,0,2.3
1534,PLAYING,1032,382,1038,1032,0,2.7
1535,PLAYING,1032,382,1038,1032,0,2.0
1536,PLAYING,1032,382,1038,1032,0,2.1
1537,PLAYING,1032,382,1038,1032,0,1.9
1538,PLAYING,1032,382,1038,1032,0,2.0
1539,PLAYING,1032,382,1038,1032,0,2.8
1540,PLAYING,1032,382,1038,1032,0,1.9
1541,PLAYING,1032,382,1038,1032,0,2.5
1542,PLAYING,1032,382,1038,1032,0,3.2
1543,PLAYING,1032,382,1038,1032,0,2.6
1544,PLAYING,1032,382,1038,1032,0,2.7
1545,PLAYING,1032,382,1038,1032,0,2.7
1546,PLAYING,1032,382,1038,1032,0,1.9
1547,PLAYING,1032,382,1038,1032,0,2.4
1548,PLAYING,1032,382,1038,1032,0,2.1
1549,PLAYING,1032,382,1038,1032,0,3.1
1550,PLAYING,1032,382,1038,1032,0,2.0
1551,PLAYING,1032,382,1038,1032,0,2.6
1552,PLAYING,1032,382,1038,1032,0,2.0
1553,PLAYING,1032,382,1038,1032,0,3.2
1554,PLAYING,1032,382,1038,1032,0,3.2
1555,PLAYING,1032,382,1038,1032,0,2.4
1556,PLAYING,1032,382,1038,1032,0,2.1
1557,PLAYING,1032,382,1038,1032,0,2.5
1558,PLAYING,1032,382,1038,1032,0,1.9
1559,PLAYING,1032,382,1038,1032,0,2.7
1560,PLAYING,1032,382,1038,1032,0,2.0
1561,PLAYING,1032,382,1038,1032,0,2.4
1562,PLAYING,1032,382,1038,1032,0,2.0
1563,PLAYING,1032,382,1038,1032,0,2.0
1564,PLAYING,1032,382,1038,1032,0,2.5
1565,PLAYING,1032,382,1038,1032,0,2.8
1566,PLAYING,1032,382,1038,1032,0,2.3
1567,PLAYING,1032,382,1038,1032,0,2.2
1568,PLAYING,1032,382,1038,1032,0,2.2
1569,PLAYING,1032,382,1038,1032,0,1.9
1570,PLAYING,1032,382,1038,1032,0,2.0
1571,PLAYING,1032,382,1038,1032,0,3.1
1572,PLAYING,1032,382,1038,1032,0,3.1
1573,PLAYING,1032,382,1038,1032,0,2.9
1574,PLAYING,1032,382,1038,1032,0,2.2
1575,PLAYING,1032,382,1038,1032,0,2.2
1576,PLAYING,1032,382,1038,1032,0,2.0
1577,PLAYING,1032,382,1038,1032,0,2.0
1578,PLAYING,1032,382,1038,1032,0,3.0
1579,PLAYING,1032,382,1038,1032,0,2.2
1580,PLAYING,1032,382,1038,1032,0,2.0
1581,PLAYING,1032,382,1038,1032,0,2.0
1582,PLAYING,1032,382,1038,1032,0,2.0
1583,PLAYING,1032,382,1038,1032,0,2.7
1584,PLAYING,1032,382,1038,1032,0,2.5
1585,PLAYING,1032,382,1038,1032,0,2.9
1586,PLAYING,1032,382,1038,1032,0,2.2
1587,PLAYING,1032,382,1038,1032,0,2.6
1588,PLAYING,1032,382,1038,1032,0,2.3
1589,PLAYING,1032,382,1038,1032,0,3.8
1590,PLAYING,1032,382,1038,1032,0,3.3
1591,PLAYING,1032,382,1038,1032,0,2.1
1592,PLAYING,1032,382,1038,1032,0,2.1
1593,PLAYING,1032,382,1038,1032,0,2.4
1594,PLAYING,1032,382,1038,1032,0,2.7
1595,PLAYING,1032,382,1038,1032,0,2.2
1596,PLAYING,1032,382,1038,1032,0,1.9
1597,PLAYING,1032,382,1038,1032,0,2.8
1598,PLAYING,1032,382,1038,1032,0,2.0
1599,PLAYING,1032,382,1038,1032,0,2.0
1600,PLAYING,1032,382,1038,1032,0,3.6
1601,PLAYING,1032,382,1038,1032,0,3.2
1602,PLAYING,1032,382,1038,1032,0,2.9
1603,PLAYING,1032,382,1038,1032,0,2.2
1604,PLAYING,1032,382,1038,1032,0,2.4
1605,PLAYING,1032,382,1038,1032,0,2.5
1606,PLAYING,1032,382,1038,1032,0,2.1
1607,PLAYING,1032,382,1038,1032,0,2.0
1608,PLAYING,1032,382,1038,1032,0,2.3
1609,PLAYING,1032,382,1038,1032,0,2.7
1610,PLAYING,1032,382,1038,1032,0,2.2
1611,PLAYING,1032,382,1038,1032,0,2.3
1612,PLAYING,1032,382,1038,1032,0,2.6
1613,PLAYING,1032,382,1038,1032,0,1.9
1614,PLAYING,1032,382,1038,1032,0,1.9
1615,PLAYING,1032,382,1038,1032,0,2.6
1616,PLAYING,1032,382,1038,1032,0,2.2
1617,PLAYING,1032,382,1038,1032,0,2.0
1618,PLAYING,1032,382,1038,1032,0,2.3
1619,PLAYING,1032,382,1038,1032,0,2.3
1620,PLAYING,1032,382,1038,1032,0,2.7
1621,PLAYING,1032,382,1038,1032,0,1.9
1622,PLAYING,1032,382,1038,1032,0,2.1
1623,PLAYING,1032,382,1038,1032,0,2.3
1624,PLAYING,1032,382,1038,1032,0,1.9
1625,PLAYING,1032,382,1038,1032,0,3.1
1626,PLAYING,1032,382,1038,1032,0,2.2
1627,PLAYING,1032,382,1038,1032,0,1.9
1628,PLAYING,1032,382,1038,1032,0,1.9
1629,PLAYING,1032,382,1038,1032,0,2.2
1630,PLAYING,1032,382,1038,1032,0,2.0
1631,PLAYING,1032,382,1038,1032,0,2.7
1632,PLAYING,1032,382,1038,1032,0,2.6
1633,PLAYING,1032,382,1038,1032,0,3.0
1634,PLAYING,1032,382,1038,1032,0,3.2
1635,PLAYING,1032,382,1038,1032,0,3.1
1636,PLAYING,1032,382,1038,1032,0,2.9
1637,PLAYING,1032,382,1038,1032,0,3.0
1638,PLAYING,1032,382,1038,1032,0,3.9
1639,PLAYING,1032,382,1038,1032,0,2.6
1640,PLAYING,1032,382,1038,1032,0,3.0
1641,PLAYING,1032,382,1038,1032,0,3.4
1642,PLAYING,1032,382,1038,1032,0,5.3
1643,PLAYING,1032,382,1038,1032,0,3.1
1644,PLAYING,1032,382,1038,1032,0,7.8
1645,PLAYING,1032,382,1038,1032,0,2.9
1646,PLAYING,1032,382,1038,1032,0,3.5
1647,PLAYING,1032,382,1038,1032,0,3.0
1648,PLAYING,1032,382,1038,1032,0,4.1
1649,PLAYING,1032,382,1038,1032,0,3.6
1650,PLAYING,1032,382,1038,1032,0,3.3
1651,PLAYING,1032,382,1038,1032,0,3.4
1652,PLAYING,1032,382,1038,1032,0,2.7
1653,PLAYING,1032,382,1038,1032,0,2.5
1654,PLAYING,1032,382,1038,1032,0,4.1
1655,PLAYING,1032,382,1038,1032,0,3.6
1656,PLAYING,1032,382,1038,1032,0,2.2
1657,PLAYING,1032,382,1038,1032,0,2.4
1658,PLAYING,1032,382,1038,1032,0,2.9
1659,PLAYING,1032,382,1038,1032,0,2.2
1660,PLAYING,1032,382,1038,1032,0,3.7
1661,PLAYING,1032,382,1038,1032,0,2.5
1662,PLAYING,1032,382,1038,1032,0,2.3
1663,PLAYING,1032,382,1038,1032,0,2.8
1664,PLAYING,1032,382,1038,1032,0,2.8
1665,PLAYING,1032,382,1038,1032,0,3.0
1666,PLAYING,1032,382,1038,1032,0,2.8
1667,PLAYING,1032,382,1038,1032,0,3.3
1668,PLAYING,1032,382,1036,1032,0,2.0
1669,PLAYING,1032,382,1035,1032,0,3.2
1670,PLAYING,1032,382,1035,1032,0,2.0
1671,PLAYING,1032,382,1036,1032,0,2.0
1672,PLAYING,1032,382,1036,1032,0,2.0
1673,PLAYING,1032,382,1036,1032,0,2.3
1674,PLAYING,1032,382,1036,1032,0,3.6
1675,PLAYING,1032,382,1037,1032,0,1.9
1676,PLAYING,1032,382,1038,1032,0,2.3
1677,PLAYING,1032,382,1038,1032,0,3.3
1678,PLAYING,1032,382,1038,1032,0,1.9
1679,PLAYING,1032,382,1038,1032,0,1.9
1680,PLAYING,1032,382,1038,1032,0,2.6
1681,PLAYING,1032,382,1038,1032,0,2.4
1682,PLAYING,1032,382,1038,1032,0,2.4
1683,PLAYING,1032,382,1038,1032,0,1.9
1684,PLAYING,1032,382,1038,1032,0,2.6
1685,PLAYING,1032,382,1038,1032,0,2.7
1686,PLAYING,1032,382,1038,1032,0,1.9
1687,PLAYING,1032,382,1038,1032,0,2.9
1688,PLAYING,1032,382,1038,1032,0,2.4
1689,PLAYING,1032,382,1038,1032,0,2.8
1690,PLAYING,1032,382,1038,1032,0,2.1
1691,PLAYING,1032,382,1038,1032,0,3.0
1692,PLAYING,1032,382,1038,1032,0,2.2
1693,PLAYING,1032,382,1038,1032,0,1.9
1694,PLAYING,1032,382,1038,1032,0,2.2
1695,PLAYING,1032,382,1038,1032,0,2.5
1696,PLAYING,1032,382,1038,1032,0,2.9
1697,PLAYING,1032,382,1038,1032,0,2.8
1698,PLAYING,1032,382,1038,1032,0,2.1
1699,PLAYING,1032,382,1038,1032,0,2.6
1700,PLAYING,1032,382,1038,1032,0,2.1
1701,PLAYING,1032,382,1038,1032,0,2.5
1702,PLAYING,1032,382,1038,1032,0,2.1
1703,PLAYING,1032,382,1038,1032,0,2.5
1704,PLAYING,1032,382,1038,1032,0,3.1
1705,PLAYING,1032,382,1038,1032,0,2.1
1706,PLAYING,1032,382,1038,1032,0,2.1
1707,PLAYING,1032,382,1038,1032,0,2.1
1708,PLAYING,1032,382,1038,1032,0,2.9
1709,PLAYING,1032,382,1038,1032,0,2.9
1710,PLAYING,1032,382,1038,1032,0,2.3
1711,PLAYING,1032,382,1038,1032,0,2.0
1712,PLAYING,1032,382,1038,1032,0,2.6
1713,PLAYING,1032,382,1038,1032,0,2.0
1714,PLAYING,1032,382,1038,1032,0,2.7
1715,PLAYING,1032,382,1038,1032,0,3.5
1716,PLAYING,1032,382,1038,1032,0,2.3
1717,PLAYING,1032,382,1038,1032,0,1.9
1718,PLAYING,1032,382,1038,1032,0,2.1
1719,PLAYING,1032,382,1038,1032,0,2.8
1720,PLAYING,1032,382,1038,1032,0,2.9
1721,PLAYING,1032,382,1038,1032,0,2.0
1722,PLAYING,1032,382,1038,1032,0,2.0
1723,PLAYING,1032,382,1038,1032,0,6.2
1724,PLAYING,1032,382,1038,1032,0,2.7
1725,PLAYING,1032,382,1038,1032,0,2.7
1726,PLAYING,1032,382,1038,1032,0,1.9
1727,PLAYING,1032,382,1038,1032,0,2.8
1728,PLAYING,1032,382,1038,1032,0,3.5
1729,PLAYING,1032,382,1038,1032,0,2.3
1730,PLAYING,1032,382,1038,1032,0,2.3
1731,PLAYING,1032,382,1038,1032,0,2.2
1732,PLAYING,1032,382,1038,1032,0,2.6
1733,PLAYING,1032,382,1038,1032,0,2.5
1734,PLAYING,1032,382,1038,1032,0,2.1
1735,PLAYING,1032,382,1038,1032,0,2.1
1736,PLAYING,1032,382,1038,1032,0,2.6
1737,PLAYING,1032,382,1038,1032,0,2.0
1738,PLAYING,1032,382,1038,1032,0,3.1
1739,PLAYING,1032,382,1038,1032,0,2.0
1740,PLAYING,1032,382,1038,1032,0,2.6
1741,PLAYING,1032,382,1038,1032,0,3.0
1742,PLAYING,1032,382,1038,1032,0,2.2
1743,PLAYING,1032,382,1038,1032,0,2.9
1744,PLAYING,1032,382,1038,1032,0,2.0
1745,PLAYING,1032,382,1038,1032,0,2.6
1746,PLAYING,1032,382,1038,1032,0,2.9
1747,PLAYING,1032,382,1038,1032,0,2.2
1748,PLAYING,1032,382,1038,1032,0,2.4
1749,PLAYING,1032,382,1038,1032,0,2.9
1750,PLAYING,1032,382,1038,1032,0,1.9
1751,PLAYING,1032,382,1038,1032,0,1.8
1752,PLAYING,1032,382,1038,1032,0,2.4
1753,PLAYING,1032,382,1038,1032,0,2.2
1754,PLAYING,1032,382,1038,1032,0,2.2
1755,PLAYING,1032,382,1038,1032,0,2.6
1756,PLAYING,1032,382,1038,1032,0,1.9
1757,PLAYING,1032,382,1038,1032,0,1.9
1758,PLAYING,1032,382,1038,1032,0,2.6
1759,PLAYING,1032,382,1038,1032,0,2.3
1760,PLAYING,1032,382,1038,1032,0,3.0
1761,PLAYING,1032,382,1038,1032,0,2.4
1762,PLAYING,1032,382,1038,1032,0,1.7
1763,PLAYING,1032,382,1038,1032,0,2.3
1764,PLAYING,1032,382,1038,1032,0,2.6
1765,PLAYING,1032,382,1038,1032,0,1.8
1766,PLAYING,1032,382,1038,1032,0,1.9
1767,PLAYING,1032,382,1038,1032,0,1.8
1768,PLAYING,1032,382,1038,1032,0,2.5
1769,PLAYING,1032,382,1038,1032,0,2.7
1770,PLAYING,1032,382,1038,1032,0,3.7
1771,PLAYING,1032,382,1038,1032,0,1.9
1772,PLAYING,1032,382,1038,1032,0,2.2
1773,PLAYING,1032,382,1038,1032,0,2.4
1774,PLAYING,1032,382,1038,1032,0,2.0
1775,PLAYING,1032,382,1038,1032,0,1.8
1776,PLAYING,1032,382,1038,1032,0,1.9
1777,PLAYING,1032,382,1038,1032,0,1.9
1778,PLAYING,1032,382,1038,1032,0,2.0
1779,PLAYING,1032,382,1038,1032,0,2.0
1780,PLAYING,1032,382,1038,1032,0,2.3
1781,PLAYING,1032,382,1038,1032,0,1.9
1782,PLAYING,1032,382,1038,1032,0,2.9
1783,PLAYING,1032,382,1038,1032,0,2.5
1784,PLAYING,1032,382,1038,1032,0,3.2
1785,PLAYING,1032,382,1038,1032,0,2.7
1786,PLAYING,1032,382,1038,1032,0,2.2
1787,PLAYING,1032,382,1038,1032,0,2.0
1788,PLAYING,1032,382,1038,1032,0,3.2
1789,PLAYING,1032,382,1038,1032,0,1.9
1790,PLAYING,1032,382,1038,1032,0,2.7
1791,PLAYING,1032,382,1038,1032,0,2.1
1792,PLAYING,1032,382,1038,1032,0,2.7
1793,PLAYING,1032,382,1038,1032,0,2.1
1794,PLAYING,1032,382,1038,1032,0,2.0
1795,PLAYING,1032,382,1038,1032,0,2.0
1796,PLAYING,1032,382,1038,1032,0,2.2
1797,PLAYING,1032,382,1038,1032,0,2.0
1798,PLAYING,1032,382,1038,1032,0,2.4
1799,PLAYING,1032,382,1038,1032,0,2.4
1800,PLAYING,1032,382,1038,1032,0,2.5
1801,PLAYING,1032,382,1038,1032,0,2.8
1802,PLAYING,1032,382,1038,1032,0,2.0
1803,PLAYING,1032,382,1038,1032,0,2.6
1804,PLAYING,1032,382,1038,1032,0,2.2
1805,PLAYING,1032,382,1038,1032,0,2.4
1806,PLAYING,1032,382,1038,1032,0,1.8
1807,PLAYING,1032,382,1038,1032,0,1.8
1808,PLAYING,1032,382,1038,1032,0,3.1
1809,PLAYING,1032,382,1038,1032,0,1.9
1810,PLAYING,1032,382,1038,1032,0,5.1
1811,PLAYING,1032,382,1038,1032,0,1.9
1812,PLAYING,1032,382,1038,1032,0,3.0
1813,PLAYING,1032,382,1038,1032,0,1.8
1814,PLAYING,1032,382,1038,1032,0,2.2
1815,PLAYING,1032,382,1038,1032,0,1.9
1816,PLAYING,1032,382,1038,1032,0,2.0
1817,PLAYING,1032,382,1038,1032,0,2.3
1818,PLAYING,1032,382,1038,1032,0,2.8
1819,PLAYING,1032,382,1038,1032,0,1.9
1820,PLAYING,1032,382,1038,1032,0,2.0
1821,PLAYING,1032,382,1038,1032,0,2.9
1822,PLAYING,1032,382,1038,1032,0,2.0
1823,PLAYING,1032,382,1037,1032,0,2.0
1824,PLAYING,1032,382,1036,1032,0,2.3
1825,PLAYING,1032,382,1035,1032,0,2.9
1826,PLAYING,1032,382,1031,1032,0,1.8
1827,PLAYING,1032,382,1024,1032,1,2.3
1828,PLAYING,1032,382,1023,1032,1,1.9
1829,PLAYING,1032,382,1022,1032,1,2.6
1830,PLAYING,1032,382,1023,1032,1,2.2
1831,PLAYING,1032,382,1023,1032,1,1.8
1832,PLAYING,1032,382,1026,1032,0,2.4
1833,PLAYING,1032,382,1028,1032,0,2.5
1834,PLAYING,1032,382,1030,1032,0,2.8
1835,PLAYING,1032,382,1031,1032,0,3.1
1836,PLAYING,1032,382,1040,1032,0,3.5
1837,PLAYING,1032,382,1042,1032,-1,3.7
1838,PLAYING,1032,382,1046,1032,-1,3.2
1839,PLAYING,1032,382,1045,1032,-1,2.5
1840,PLAYING,1032,382,1049,1032,-1,2.7
1841,PLAYING,1032,382,1051,1032,-1,2.5
1842,PLAYING,1032,382,1047,1032,-1,2.8
1843,PLAYING,1032,382,1045,1032,-1,1.7
1844,PLAYING,1032,382,1041,1032,-1,3.6
1845,PLAYING,1032,382,1037,1032,0,2.4
1846,PLAYING,1032,382,1033,1032,0,2.9
1847,PLAYING,1032,382,1029,1032,0,2.0
1848,PLAYING,1032,382,1027,1032,0,2.5
1849,PLAYING,1032,382,1025,1032,0,2.3
1850,PLAYING,1032,382,1025,1032,0,2.1
1851,PLAYING,1032,382,1025,1032,0,1.8
1852,PLAYING,1032,382,1025,1032,0,3.1
1853,PLAYING,1032,382,1025,1032,0,2.0
1854,PLAYING,1032,382,1025,1032,0,2.1
1855,PLAYING,1032,382,1025,1032,0,2.0
1856,PLAYING,1032,382,1025,1032,0,2.2
1857,PLAYING,1032,382,1025,1032,0,1.9
1858,PLAYING,1032,382,1025,1032,0,2.7
1859,PLAYING,1032,382,1025,1032,0,2.6
1860,PLAYING,1032,382,1025,1032,0,2.6
1861,PLAYING,1032,382,1025,1032,0,2.5
1862,PLAYING,1032,382,1025,1032,0,1.9
1863,PLAYING,1032,382,1025,1032,0,3.1
1864,PLAYING,1032,382,1025,1032,0,1.9
1865,PLAYING,1032,382,1025,1032,0,1.8
1866,PLAYING,1032,382,1025,1032,0,2.7
1867,PLAYING,1032,382,1025,1032,0,2.0
1868,PLAYING,1032,382,1025,1032,0,2.9
1869,PLAYING,1032,382,1025,1032,0,2.7
1870,PLAYING,1032,382,1025,1032,0,2.4
1871,PLAYING,1032,382,1025,1032,0,1.9
1872,PLAYING,1032,382,1025,1032,0,2.8
1873,PLAYING,1032,382,1025,1032,0,2.3
1874,PLAYING,1032,382,1025,1032,0,2.9
1875,PLAYING,1032,382,1025,1032,0,2.5
1876,PLAYING,1032,382,1025,1032,0,3.6
1877,PLAYING,1032,382,1025,1032,0,1.8
1878,PLAYING,1032,382,1026,1032,0,1.8
1879,PLAYING,1032,382,1026,1032,0,2.6
1880,PLAYING,1032,382,1026,1032,0,1.8
1881,PLAYING,1032,382,1026,1032,0,1.8
1882,PLAYING,1032,382,1026,1032,0,2.3
1883,PLAYING,1032,382,1026,1032,0,2.3
1884,PLAYING,1032,382,1026,1032,0,2.1
1885,PLAYING,1032,382,1026,1032,0,1.9
1886,PLAYING,1032,382,1026,1032,0,1.8
1887,PLAYING,1032,382,1026,1032,0,2.7
1888,PLAYING,1032,382,1026,1032,0,2.2
1889,PLAYING,1032,382,1026,1032,0,1.9
1890,PLAYING,1032,382,1026,1032,0,2.4
1891,PLAYING,1032,382,1026,1032,0,2.6
1892,PLAYING,1032,382,1026,1032,0,3.4
1893,PLAYING,1032,382,1026,1032,0,3.1
1894,PLAYING,1032,382,1026,1032,0,3.2
1895,PLAYING,1032,382,1026,1032,0,2.2
1896,PLAYING,1032,382,1026,1032,0,3.6
1897,PLAYING,1032,382,1026,1032,0,4.1
1898,PLAYING,1032,382,1026,1032,0,2.6
1899,PLAYING,1032,382,1026,1032,0,2.5
1900,PLAYING,1032,382,1026,1032,0,3.2
1901,PLAYING,1032,382,1026,1032,0,3.2
1902,PLAYING,1032,382,1026,1032,0,1.8
1903,PLAYING,1032,382,1026,1032,0,1.9
1904,PLAYING,1032,382,1026,1032,0,2.6
1905,PLAYING,1032,382,1026,1032,0,2.9
1906,PLAYING,1032,382,1026,1032,0,3.1
1907,PLAYING,1032,382,1026,1032,0,2.7
1908,PLAYING,1032,382,1026,1032,0,3.0
1909,PLAYING,1032,382,1026,1032,0,2.9
1910,PLAYING,1032,382,1026,1032,0,2.6
1911,PLAYING,1032,382,1026,1032,0,1.9
1912,PLAYING,1032,382,1026,1032,0,2.3
1913,PLAYING,1032,382,1026,1032,0,2.0
1914,PLAYING,1032,382,1026,1032,0,3.6
1915,PLAYING,1032,382,1026,1032,0,2.1
1916,PLAYING,1032,382,1026,1032,0,2.7
1917,PLAYING,1032,382,1026,1032,0,1.9
1918,PLAYING,1032,382,1026,1032,0,2.4
1919,PLAYING,1032,382,1026,1032,0,2.5
1920,PLAYING,1032,382,1026,1032,0,4.0
1921,PLAYING,1032,382,1026,1032,0,2.9
1922,PLAYING,1032,382,1026,1032,0,1.9
1923,PLAYING,1032,382,1026,1032,0,3.1
1924,PLAYING,1032,382,1026,1032,0,2.0
1925,PLAYING,1032,382,1026,1032,0,2.2
1926,PLAYING,1032,382,1026,1032,0,2.6
1927,PLAYING,1032,382,1026,1032,0,1.8
1928,PLAYING,1032,382,1026,1032,0,1.8
1929,PLAYING,1032,382,1026,1032,0,2.4
1930,PLAYING,1032,382,1026,1032,0,2.1
1931,PLAYING,1032,382,1026,1032,0,1.8
1932,PLAYING,1032,382,1026,1032,0,2.6
1933,PLAYING,1032,382,1026,1032,0,2.7
1934,PLAYING,1032,382,1026,1032,0,1.9
1935,PLAYING,1032,382,1026,1032,0,1.9
1936,PLAYING,1032,382,1026,1032,0,2.6
1937,PLAYING,1032,382,1026,1032,0,2.6
1938,PLAYING,1032,382,1026,1032,0,1.7
1939,PLAYING,1032,382,1026,1032,0,3.0
1940,PLAYING,1032,382,1026,1032,0,2.5
1941,PLAYING,1032,382,1002,1032,1,2.2
1942,PLAYING,1032,382,999,1032,1,1.8
1943,PLAYING,1032,382,995,1032,1,2.3
1944,PLAYING,1032,382,995,1032,1,1.8
1945,PLAYING,1032,382,993,1032,1,1.9
1946,PLAYING,1032,382,1003,1032,1,2.0
1947,PLAYING,1032,382,1007,1032,1,2.1
1948,PLAYING,1032,382,1011,1032,1,2.7
1949,PLAYING,1032,382,1015,1032,1,2.1
1950,PLAYING,1032,382,1019,1032,1,2.9
1951,PLAYING,1032,382,1014,1032,1,1.9
1952,PLAYING,1032,382,1018,1032,1,1.9
1953,PLAYING,1032,382,1023,1032,1,1.7
1954,PLAYING,1032,382,1027,1032,0,2.9
1955,PLAYING,1032,382,1033,1032,0,2.3
1956,PLAYING,1032,382,1042,1032,-1,2.9
1957,PLAYING,1032,382,1044,1032,-1,1.9
1958,PLAYING,1032,382,1041,1032,-1,1.8
1959,PLAYING,1032,382,1042,1032,-1,2.4
1960,PLAYING,1032,382,1039,1032,0,3.3
1961,PLAYING,1032,382,1026,1032,0,2.1
1962,PLAYING,1032,382,1023,1032,1,2.1
1963,PLAYING,1032,382,1021,1032,1,1.8
1964,PLAYING,1032,382,1024,1032,1,2.6
1965,PLAYING,1032,382,1026,1032,0,2.4
1966,PLAYING,1032,382,1039,1032,0,2.1
1967,PLAYING,1032,382,1042,1032,-1,2.5
1968,PLAYING,1032,382,1042,1032,-1,2.3
1969,PLAYING,1032,382,1042,1032,-1,2.8
1970,PLAYING,1032,382,1040,1032,0,2.3
1971,PLAYING,1032,382,1031,1032,0,3.2
1972,PLAYING,1032,382,1030,1032,0,2.3
1973,PLAYING,1032,382,1030,1032,0,3.0
1974,PLAYING,1032,382,1031,1032,0,1.9
1975,PLAYING,1032,382,1031,1032,0,1.9
1976,PLAYING,1032,382,1036,1032,0,5.0
1977,PLAYING,1032,382,1037,1032,0,2.8
1978,PLAYING,1032,382,1037,1032,0,2.7
1979,PLAYING,1032,382,1038,1032,0,1.9
1980,PLAYING,1032,382,1038,1032,0,1.8
1981,PLAYING,1032,382,1052,1032,-1,2.3
1982,PLAYING,1032,382,1054,1032,-1,2.4
1983,PLAYING,1032,382,1056,1032,-1,2.4
1984,PLAYING,1032,382,1055,1032,-1,1.9
1985,PLAYING,1032,382,1055,1032,-1,1.8
1986,PLAYING,1032,382,1057,1032,-1,2.3
1987,PLAYING,1032,382,1051,1032,-1,1.8
1988,PLAYING,1032,382,1047,1032,-1,2.8
1989,PLAYING,1032,382,1043,1032,-1,1.8
1990,PLAYING,1032,382,1039,1032,0,2.2
1991,PLAYING,1032,382,1033,1032,0,2.2
1992,PLAYING,1032,382,1029,1032,0,2.8
1993,PLAYING,1032,382,1027,1032,0,2.5
1994,PLAYING,1032,382,1025,1032,0,1.8
1995,PLAYING,1032,382,1023,1032,1,2.4
1996,PLAYING,1032,382,1023,1032,1,1.8
1997,PLAYING,1032,382,1023,1032,1,1.8
1998,PLAYING,1032,382,1025,1032,0,2.2
1999,PLAYING,1032,382,1026,1032,0,1.8
2000,PLAYING,1032,382,1026,1032,0,2.5
2001,PLAYING,1032,382,1026,1032,0,2.8
2002,PLAYING,1032,382,1026,1032,0,2.7
2003,PLAYING,1032,382,1026,1032,0,2.4
2004,PLAYING,1032,382,1026,1032,0,1.8
2005,PLAYING,1032,382,1026,1032,0,1.7
2006,PLAYING,1032,382,1026,1032,0,1.9
2007,PLAYING,1032,382,1026,1032,0,1.7
2008,PLAYING,1032,382,1026,1032,0,1.9
2009,PLAYING,1032,382,1026,1032,0,1.9
2010,PLAYING,1032,382,1026,1032,0,1.8
2011,PLAYING,1032,382,1026,1032,0,2.0
2012,PLAYING,1032,382,1026,1032,0,2.3
2013,PLAYING,1032,382,1026,1032,0,2.6
2014,PLAYING,1032,382,1026,1032,0,2.0
2015,PLAYING,1032,382,1026,1032,0,1.8
2016,PLAYING,1032,382,1026,1032,0,2.5
2017,PLAYING,1032,382,1026,1032,0,1.9
2018,PLAYING,1032,382,1026,1032,0,2.3
2019,PLAYING,1032,382,1026,1032,0,1.8
2020,PLAYING,1032,382,1026,1032,0,2.3
2021,PLAYING,1032,382,1026,1032,0,1.9
2022,PLAYING,1032,382,1026,1032,0,2.6
2023,PLAYING,1032,382,1026,1032,0,2.2
2024,PLAYING,1032,382,1026,1032,0,1.9
2025,PLAYING,1032,382,1026,1032,0,1.9
2026,PLAYING,1032,382,1026,1032,0,1.7
2027,PLAYING,1032,382,1026,1032,0,2.7
2028,PLAYING,1032,382,1026,1032,0,1.8
2029,PLAYING,1032,382,1026,1032,0,2.9
2030,PLAYING,1032,382,1026,1032,0,2.3
2031,PLAYING,1032,382,1026,1032,0,2.6
2032,PLAYING,1032,382,1026,1032,0,2.3
2033,PLAYING,1032,382,1026,1032,0,1.7
2034,PLAYING,1032,382,1026,1032,0,2.3
2035,PLAYING,1032,382,1026,1032,0,2.5
2036,PLAYING,1032,382,1026,1032,0,3.0
2037,PLAYING,1032,382,1026,1032,0,2.0
2038,PLAYING,1032,382,1026,1032,0,1.7
2039,PLAYING,1032,382,1026,1032,0,2.3
2040,PLAYING,1032,382,1026,1032,0,3.0
2041,PLAYING,1032,382,1026,1032,0,1.8
2042,PLAYING,1032,382,1026,1032,0,1.8
2043,PLAYING,1032,382,1026,1032,0,2.5
2044,PLAYING,1032,382,1026,1032,0,2.0
2045,PLAYING,1032,382,1026,1032,0,2.0
2046,PLAYING,1032,382,1026,1032,0,2.7
2047,PLAYING,1032,382,1026,1032,0,3.6
2048,PLAYING,1032,382,1026,1032,0,2.8
2049,PLAYING,1032,382,1026,1032,0,1.8
2050,PLAYING,1032,382,1026,1032,0,1.8
2051,PLAYING,1032,382,1026,1032,0,2.2
2052,PLAYING,1032,382,1026,1032,0,2.9
2053,PLAYING,1032,382,1026,1032,0,3.7
2054,PLAYING,1032,382,1026,1032,0,1.8
2055,PLAYING,1032,382,1026,1032,0,2.6
2056,PLAYING,1032,382,1026,1032,0,2.9
2057,PLAYING,1032,382,1026,1032,0,3.5
2058,PLAYING,1032,382,1026,1032,0,2.0
2059,PLAYING,1032,382,1026,1032,0,2.2
2060,PLAYING,1032,382,1026,1032,0,3.1
2061,PLAYING,1032,382,1026,1032,0,2.9
2062,PLAYING,1032,382,1026,1032,0,3.6
2063,PLAYING,1032,382,1026,1032,0,2.4
2064,PLAYING,1032,382,1026,1032,0,1.9
2065,PLAYING,1032,382,1026,1032,0,2.0
2066,PLAYING,1032,382,1026,1032,0,2.4
2067,PLAYING,1032,382,1026,1032,0,2.2
2068,PLAYING,1032,382,1026,1032,0,3.3
2069,PLAYING,1032,382,1026,1032,0,2.0
2070,PLAYING,1032,382,1026,1032,0,1.8
2071,PLAYING,1032,382,1026,1032,0,2.4
2072,PLAYING,1032,382,1026,1032,0,1.8
2073,PLAYING,1032,382,1026,1032,0,2.1
2074,PLAYING,1032,382,1026,1032,0,2.1
2075,PLAYING,1032,382,1026,1032,0,1.9
2076,PLAYING,1032,382,1026,1032,0,3.9
2077,PLAYING,1032,382,1026,1032,0,3.5
2078,PLAYING,1032,382,1026,1032,0,1.8
2079,PLAYING,1032,382,1026,1032,0,1.9
2080,PLAYING,1032,382,1026,1032,0,2.2
2081,PLAYING,1032,382,1026,1032,0,1.9
2082,PLAYING,1032,382,1026,1032,0,2.0
2083,PLAYING,1032,382,1026,1032,0,1.9
2084,PLAYING,1032,382,1026,1032,0,2.7
2085,PLAYING,1032,382,1026,1032,0,2.1
2086,PLAYING,1032,382,1026,1032,0,2.1
2087,PLAYING,1032,382,1026,1032,0,1.9
2088,PLAYING,1032,382,1026,1032,0,2.0
2089,PLAYING,1032,382,1026,1032,0,2.4
2090,PLAYING,1032,382,1026,1032,0,3.3
2091,PLAYING,1032,382,1026,1032,0,2.9
2092,PLAYING,1032,382,1026,1032,0,2.1
2093,PLAYING,1032,382,1026,1032,0,2.3
2094,PLAYING,1032,382,1026,1032,0,2.6
2095,PLAYING,1032,382,1026,1032,0,2.0
2096,PLAYING,1032,382,1026,1032,0,3.4
2097,PLAYING,1032,382,1026,1032,0,1.8
2098,PLAYING,1032,382,1026,1032,0,2.3
2099,PLAYING,1032,382,1026,1032,0,1.8
2100,PLAYING,1032,382,1026,1032,0,2.9
2101,PLAYING,1032,382,1026,1032,0,2.0
2102,PLAYING,1032,382,1026,1032,0,1.8
2103,PLAYING,1032,382,1026,1032,0,2.7
2104,PLAYING,1032,382,1026,1032,0,2.0
2105,PLAYING,1032,382,1026,1032,0,1.9
2106,PLAYING,1032,382,1026,1032,0,2.9
2107,PLAYING,1032,382,1026,1032,0,1.9
2108,PLAYING,1032,382,1026,1032,0,2.3
2109,PLAYING,1032,382,1026,1032,0,2.7
2110,PLAYING,1032,382,1026,1032,0,2.6
2111,PLAYING,1032,382,1026,1032,0,2.2
2112,PLAYING,1032,382,1026,1032,0,2.1
2113,PLAYING,1032,382,1026,1032,0,2.1
2114,PLAYING,1032,382,1026,1032,0,2.1
2115,PLAYING,1032,382,1026,1032,0,1.8
2116,PLAYING,1032,382,1026,1032,0,3.4
2117,PLAYING,1032,382,1026,1032,0,2.4
2118,PLAYING,1032,382,1026,1032,0,1.9
2119,PLAYING,1032,382,1026,1032,0,2.2
2120,PLAYING,1032,382,1026,1032,0,3.1
2121,PLAYING,1032,382,1026,1032,0,2.5
2122,PLAYING,1032,382,1026,1032,0,2.0
2123,PLAYING,1032,382,1026,1032,0,1.9
2124,PLAYING,1032,382,1026,1032,0,2.6
2125,PLAYING,1032,382,1026,1032,0,1.9
2126,PLAYING,1032,382,1026,1032,0,2.5
2127,PLAYING,1032,382,1026,1032,0,2.4
2128,PLAYING,1032,382,1026,1032,0,2.0
2129,PLAYING,1032,382,1026,1032,0,1.8
2130,PLAYING,1032,382,1026,1032,0,2.5
2131,PLAYING,1032,382,1026,1032,0,1.9
2132,PLAYING,1032,382,1026,1032,0,2.3
2133,PLAYING,1032,382,1026,1032,0,3.8
2134,PLAYING,1032,382,1026,1032,0,1.8
2135,PLAYING,1032,382,1026,1032,0,2.5
2136,PLAYING,1032,382,1026,1032,0,2.9
2137,PLAYING,1032,382,1026,1032,0,2.5
2138,PLAYING,1032,382,1026,1032,0,2.6
2139,PLAYING,1032,382,1026,1032,0,1.8
2140,PLAYING,1032,382,1026,1032,0,2.4
2141,PLAYING,1032,382,1026,1032,0,2.2
2142,PLAYING,1032,382,1026,1032,0,1.9
2143,PLAYING,1032,382,1026,1032,0,2.1
2144,PLAYING,1032,382,1026,1032,0,2.2
2145,PLAYING,1032,382,1026,1032,0,2.1
2146,PLAYING,1032,382,1026,1032,0,3.0
2147,PLAYING,1032,382,1026,1032,0,2.5
2148,PLAYING,1032,382,1026,1032,0,1.9
2149,PLAYING,1032,382,1026,1032,0,1.8
2150,PLAYING,1032,382,1026,1032,0,1.8
2151,PLAYING,1032,382,1026,1032,0,1.8
2152,PLAYING,1032,382,1026,1032,0,1.9
2153,PLAYING,1032,382,1026,1032,0,1.8
2154,PLAYING,1032,382,1026,1032,0,2.3
2155,PLAYING,1032,382,1026,1032,0,1.8
2156,PLAYING,1032,382,1026,1032,0,2.0
2157,PLAYING,1032,382,1026,1032,0,2.4
2158,PLAYING,1032,382,1026,1032,0,2.0
2159,PLAYING,1032,382,1026,1032,0,1.9
2160,PLAYING,1032,382,1026,1032,0,1.9
2161,PLAYING,1032,382,1026,1032,0,1.9
2162,PLAYING,1032,382,1026,1032,0,1.9
2163,PLAYING,1032,382,1026,1032,0,1.9
2164,PLAYING,1032,382,1026,1032,0,2.2
2165,PLAYING,1032,382,1026,1032,0,2.1
2166,PLAYING,1032,382,1026,1032,0,2.4
2167,PLAYING,1032,382,1026,1032,0,1.9
2168,PLAYING,1032,382,1026,1032,0,1.8
2169,PLAYING,1032,382,1026,1032,0,2.5
2170,PLAYING,1032,382,1026,1032,0,2.1
2171,PLAYING,1032,382,1026,1032,0,1.8
2172,PLAYING,1032,382,1026,1032,0,2.7
2173,PLAYING,1032,382,1026,1032,0,1.9
2174,PLAYING,1032,383,1026,1032,0,2.0
2175,PLAYING,1032,383,1026,1032,0,2.1
2176,PLAYING,,,1026,,0,1165.7
2177,PLAYING,728,639,,728,0,3.4
2178,PLAYING,728,639,,728,0,2.6
2179,PLAYING,728,639,,728,0,2.8
2180,PLAYING,728,639,,728,0,2.4
2181,PLAYING,728,639,,728,0,3.7
2182,PLAYING,728,639,,728,0,2.4
2183,PLAYING,728,639,,728,0,3.2
2184,PLAYING,728,639,,728,0,2.5
2185,PLAYING,728,639,,728,0,3.1
2186,PLAYING,728,639,,728,0,2.8
2187,PLAYING,728,639,,728,0,1.9
2188,PLAYING,728,639,,728,0,2.0
2189,PLAYING,728,639,,728,0,3.7
2190,PLAYING,728,639,,728,0,2.6
2191,PLAYING,728,639,,728,0,3.1
2192,PLAYING,728,639,,728,0,1.8
2193,PLAYING,728,639,,728,0,2.0
2194,PLAYING,728,639,,728,0,2.2
2195,PLAYING,728,639,,728,0,1.9
2196,PLAYING,728,639,,728,0,2.1
2197,PLAYING,728,639,,728,0,1.9
2198,PLAYING,728,639,,728,0,2.3
2199,PLAYING,728,639,,728,0,2.3
2200,PLAYING,728,639,,728,0,2.4
2201,PLAYING,728,639,,728,0,2.2
2202,PLAYING,728,639,,728,0,2.3
2203,PLAYING,728,639,,728,0,2.1
2204,PLAYING,728,639,,728,0,1.9
2205,PLAYING,728,639,,728,0,2.7
2206,PLAYING,728,639,,728,0,2.0
2207,PLAYING,728,639,,728,0,1.9
2208,PLAYING,728,639,,728,0,2.4
2209,PLAYING,728,639,,728,0,3.3
2210,PLAYING,728,639,,728,0,2.7
2211,PLAYING,728,639,,728,0,1.9
2212,PLAYING,728,639,,728,0,1.9
2213,PLAYING,728,639,,728,0,2.4
2214,PLAYING,728,639,,728,0,2.2
2215,PLAYING,728,639,,728,0,2.0
2216,PLAYING,728,639,,728,0,2.4
2217,PLAYING,728,639,,728,0,2.2
2218,PLAYING,728,639,,728,0,3.3
2219,PLAYING,728,639,,728,0,2.4
2220,PLAYING,728,639,,728,0,1.9
2221,PLAYING,728,639,,728,0,2.1
2222,PLAYING,728,639,,728,0,2.0
2223,PLAYING,728,639,,728,0,2.6
2224,PLAYING,728,639,,728,0,1.9
2225,PLAYING,728,639,,728,0,3.2
2226,PLAYING,728,639,,728,0,2.5
2227,PLAYING,728,639,,728,0,4.0
2228,PLAYING,728,639,,728,0,2.7
2229,PLAYING,728,639,,728,0,3.1
2230,PLAYING,728,639,,728,0,2.1
2231,PLAYING,728,639,,728,0,1.8
2232,PLAYING,728,639,,728,0,1.9
2233,PLAYING,728,639,,728,0,2.6
2234,PLAYING,728,639,,728,0,2.4
2235,PLAYING,728,639,,728,0,2.1
2236,PLAYING,728,639,,728,0,1.9
2237,PLAYING,728,639,,728,0,2.7
2238,PLAYING,728,639,,728,0,2.0
2239,PLAYING,728,639,,728,0,3.2
2240,PLAYING,728,639,,728,0,3.0
2241,PLAYING,728,639,,728,0,2.3
2242,PLAYING,728,639,,728,0,2.7
2243,PLAYING,728,639,,728,0,2.0
2244,PLAYING,728,639,,728,0,2.1
2245,PLAYING,728,639,,728,0,2.0
2246,PLAYING,728,639,,728,0,2.2
2247,PLAYING,728,639,,728,0,2.5
2248,PLAYING,728,639,,728,0,2.0
2249,PLAYING,728,639,,728,0,2.3
2250,PLAYING,728,639,,728,0,2.7
2251,PLAYING,728,639,,728,0,2.7
2252,PLAYING,728,639,,728,0,2.9
2253,PLAYING,728,639,,728,0,2.9
2254,PLAYING,728,639,,728,0,2.4
2255,PLAYING,728,639,,728,0,2.6
2256,PLAYING,728,639,,728,0,3.8
2257,PLAYING,728,639,,728,0,2.6
2258,PLAYING,728,639,,728,0,2.0
2259,PLAYING,728,639,,728,0,2.1
2260,PLAYING,728,639,,728,0,4.8
2261,PLAYING,728,639,,728,0,2.3
2262,PLAYING,728,639,,728,0,2.5
2263,PLAYING,728,639,,728,0,2.3
2264,PLAYING,728,639,,728,0,2.2
2265,PLAYING,728,639,,728,0,3.7
2266,PLAYING,728,639,,728,0,2.0
2267,PLAYING,728,639,,728,0,2.1
2268,PLAYING,728,639,,728,0,4.0
2269,PLAYING,728,639,,728,0,2.4
2270,PLAYING,728,639,,728,0,2.0
2271,PLAYING,728,639,,728,0,2.1
2272,PLAYING,728,639,,728,0,4.1
2273,PLAYING,728,639,,728,0,2.3
2274,PLAYING,728,639,,728,0,4.5
2275,PLAYING,728,639,,728,0,2.1
2276,PLAYING,728,639,,728,0,2.0
2277,PLAYING,728,639,,728,0,3.6
2278,PLAYING,728,639,,728,0,2.8
2279,PLAYING,728,639,,728,0,2.6
2280,PLAYING,728,639,,728,0,3.0
2281,PLAYING,728,639,,728,0,3.0
2282,PLAYING,728,639,,728,0,2.3
2283,PLAYING,728,639,,728,0,3.2
2284,PLAYING,728,639,,728,0,2.2
2285,PLAYING,728,639,,728,0,2.4
2286,PLAYING,728,639,,728,0,4.2
2287,PLAYING,728,639,,728,0,2.3
2288,PLAYING,728,639,,728,0,2.3
2289,PLAYING,728,639,,728,0,3.6
2290,PLAYING,728,639,,728,0,2.1
2291,PLAYING,728,639,,728,0,2.1
2292,PLAYING,728,639,,728,0,3.1
2293,PLAYING,728,639,,728,0,3.4
2294,PLAYING,728,639,,728,0,3.1
2295,PLAYING,728,639,,728,0,4.3
2296,PLAYING,728,639,,728,0,2.3
2297,PLAYING,728,639,,728,0,4.2
2298,PLAYING,728,639,,728,0,2.3
2299,PLAYING,728,639,,728,0,2.2
2300,PLAYING,728,639,,728,0,4.2
2301,PLAYING,728,639,,728,0,2.3
2302,PLAYING,728,639,,728,0,2.2
2303,PLAYING,728,639,,728,0,3.1
2304,PLAYING,728,639,,728,0,2.4
2305,PLAYING,728,639,,728,0,2.2
2306,PLAYING,728,639,,728,0,4.3
2307,PLAYING,728,639,,728,0,2.3
2308,PLAYING,728,639,,728,0,4.6
2309,PLAYING,728,639,,728,0,2.1
2310,PLAYING,728,639,,728,0,2.2
2311,PLAYING,728,639,,728,0,3.6
2312,PLAYING,728,639,,728,0,2.8
2313,PLAYING,728,639,,728,0,2.3
2314,PLAYING,728,639,,728,0,3.6
2315,PLAYING,728,639,,728,0,2.4
2316,PLAYING,728,639,,728,0,2.3
2317,PLAYING,728,639,,728,0,2.3
2318,PLAYING,728,639,,728,0,3.0
2319,PLAYING,728,639,,728,0,2.1
2320,PLAYING,728,639,,728,0,3.6
2321,PLAYING,728,639,,728,0,2.8
2322,PLAYING,728,639,,728,0,2.3
2323,PLAYING,728,639,,728,0,3.8
2324,PLAYING,728,639,,728,0,2.2
2325,PLAYING,728,639,,728,0,2.1
2326,PLAYING,728,639,,728,0,1.9
2327,PLAYING,728,639,,728,0,5.3
2328,PLAYING,728,639,,728,0,2.3
2329,PLAYING,728,639,,728,0,3.0
2330,PLAYING,728,639,,728,0,2.6
2331,PLAYING,728,639,,728,0,3.7
2332,PLAYING,728,639,,728,0,3.2
2333,PLAYING,728,639,,728,0,3.8
2334,PLAYING,728,639,,728,0,3.3
2335,PLAYING,728,639,,728,0,3.0
2336,PLAYING,728,639,,728,0,2.4
2337,PLAYING,728,639,,728,0,3.1
2338,PLAYING,728,639,,728,0,2.4
2339,PLAYING,728,639,,728,0,2.1
2340,PLAYING,728,639,,728,0,2.0
2341,PLAYING,728,639,,728,0,2.8
2342,PLAYING,728,639,,728,0,1.9
2343,PLAYING,728,639,,728,0,3.0
2344,PLAYING,728,639,,728,0,1.9
2345,PLAYING,728,639,,728,0,2.7
2346,PLAYING,728,639,,728,0,2.1
2347,PLAYING,728,639,,728,0,2.0
2348,PLAYING,728,639,,728,0,3.3
2349,PLAYING,728,639,,728,0,2.2
2350,PLAYING,728,639,,728,0,2.4
2351,PLAYING,728,639,,728,0,1.8
2352,PLAYING,728,639,,728,0,2.4
2353,PLAYING,728,639,,728,0,3.0
2354,PLAYING,728,639,,728,0,3.0
2355,PLAYING,728,639,,728,0,2.6
2356,PLAYING,728,639,,728,0,1.9
2357,PLAYING,728,639,,728,0,3.7
2358,PLAYING,728,639,,728,0,2.4
2359,PLAYING,728,639,,728,0,1.9
2360,PLAYING,728,639,,728,0,3.6
2361,PLAYING,728,639,,728,0,3.4
2362,PLAYING,728,639,,728,0,3.2
2363,PLAYING,728,639,,728,0,2.2
2364,PLAYING,728,639,,728,0,1.9
2365,PLAYING,728,639,,728,0,2.8
2366,PLAYING,728,639,,728,0,2.1
2367,PLAYING,728,639,,728,0,3.5
2368,PLAYING,728,639,,728,0,2.1
2369,PLAYING,728,639,,728,0,2.1
2370,PLAYING,728,639,,728,0,2.2
2371,PLAYING,728,639,,728,0,3.2
2372,PLAYING,728,639,,728,0,2.2
2373,PLAYING,728,639,,728,0,2.7
2374,PLAYING,728,639,,728,0,2.1
2375,PLAYING,728,639,,728,0,2.0
2376,PLAYING,728,639,,728,0,1.9
2377,PLAYING,728,639,,728,0,2.9
2378,PLAYING,728,639,,728,0,4.2
2379,PLAYING,728,639,,728,0,2.8
2380,PLAYING,728,639,,728,0,2.0
2381,PLAYING,728,639,,728,0,1.9
2382,PLAYING,728,639,,728,0,2.2
2383,PLAYING,728,639,,728,0,2.0
2384,PLAYING,728,639,,728,0,2.1
2385,PLAYING,728,639,,728,0,2.4
2386,PLAYING,728,639,,728,0,3.3
2387,PLAYING,728,639,,728,0,2.0
2388,PLAYING,728,639,,728,0,1.9
2389,PLAYING,728,639,,728,0,2.0
2390,PLAYING,728,639,,728,0,2.5
2391,PLAYING,728,639,,728,0,3.9
2392,PLAYING,728,639,,728,0,1.8
2393,PLAYING,728,639,,728,0,3.0
2394,PLAYING,728,639,,728,0,3.2
2395,PLAYING,728,639,,728,0,2.3
2396,PLAYING,728,639,,728,0,1.9
2397,PLAYING,728,639,,728,0,2.9
2398,PLAYING,728,639,,728,0,2.0
2399,PLAYING,728,639,,728,0,2.0
2400,PLAYING,728,639,,728,0,1.9
2401,PLAYING,728,639,,728,0,2.4
2402,PLAYING,728,639,,728,0,2.7
2403,PLAYING,728,639,,728,0,1.9
2404,PLAYING,728,639,,728,0,2.2
2405,PLAYING,728,639,,728,0,2.9
2406,PLAYING,728,639,,728,0,2.2
2407,PLAYING,728,639,,728,0,3.2
2408,PLAYING,728,639,,728,0,1.8
2409,PLAYING,728,639,,728,0,2.0
2410,PLAYING,728,639,,728,0,2.8
2411,PLAYING,728,639,,728,0,2.4
2412,PLAYING,728,639,,728,0,1.9
2413,PLAYING,728,639,,728,0,2.5
2414,PLAYING,728,639,,728,0,3.1
2415,PLAYING,728,639,,728,0,2.0
2416,PLAYING,728,639,,728,0,2.5
2417,PLAYING,728,639,,728,0,2.0
2418,PLAYING,728,639,,728,0,1.8
2419,PLAYING,728,639,,728,0,2.1
2420,PLAYING,728,639,,728,0,3.1
2421,PLAYING,728,639,,728,0,2.0
2422,PLAYING,728,639,,728,0,1.9
2423,PLAYING,728,639,,728,0,2.0
2424,PLAYING,728,639,,728,0,2.1
2425,PLAYING,728,639,,728,0,2.0
2426,PLAYING,728,639,,728,0,2.4
2427,PLAYING,728,639,,728,0,2.3
2428,PLAYING,728,639,,728,0,1.8
2429,PLAYING,728,639,,728,0,2.1
2430,PLAYING,728,639,,728,0,2.0
2431,PLAYING,728,639,,728,0,1.9
2432,PLAYING,728,639,,728,0,2.6
2433,PLAYING,728,639,,728,0,1.9
2434,PLAYING,728,639,,728,0,3.3
2435,PLAYING,728,639,,728,0,2.0
2436,PLAYING,728,639,,728,0,2.0
2437,PLAYING,728,639,,728,0,2.4
2438,PLAYING,728,639,,728,0,2.3
2439,PLAYING,728,639,,728,0,2.3
2440,PLAYING,728,639,,728,0,2.9
2441,PLAYING,728,639,,728,0,3.1
2442,PLAYING,728,639,,728,0,1.8
2443,PLAYING,728,639,,728,0,2.1
2444,PLAYING,728,639,,728,0,2.5
2445,PLAYING,728,639,,728,0,2.3
2446,PLAYING,728,639,,728,0,2.4
2447,PLAYING,728,639,,728,0,1.9
2448,PLAYING,728,639,,728,0,2.0
2449,PLAYING,728,639,,728,0,2.5
2450,PLAYING,728,639,,728,0,2.5
2451,PLAYING,728,639,,728,0,1.9
2452,PLAYING,728,639,,728,0,2.8
2453,PLAYING,728,639,,728,0,2.0
2454,PLAYING,728,639,,728,0,1.8
2455,PLAYING,728,639,,728,0,1.9
2456,PLAYING,728,639,,728,0,1.9
2457,PLAYING,728,639,,728,0,2.7
2458,PLAYING,728,639,,728,0,2.6
2459,PLAYING,728,639,,728,0,1.8
2460,PLAYING,728,639,,728,0,2.3
2461,PLAYING,728,639,,728,0,2.3
2462,PLAYING,728,639,,728,0,1.9
2463,PLAYING,728,639,,728,0,3.4
2464,PLAYING,728,639,,728,0,1.9
2465,PLAYING,728,639,,728,0,2.6
2466,PLAYING,728,639,,728,0,2.2
2467,PLAYING,728,639,,728,0,2.9
2468,PLAYING,728,639,,728,0,2.2
2469,PLAYING,728,639,,728,0,2.0
2470,PLAYING,728,639,,728,0,2.0
2471,PLAYING,728,639,,728,0,2.1
2472,PLAYING,728,639,,728,0,2.3
2473,PLAYING,728,639,,728,0,3.4
2474,PLAYING,728,639,,728,0,2.1
2475,PLAYING,728,639,,728,0,2.1
2476,PLAYING,728,639,,728,0,3.4
2477,PLAYING,728,639,,728,0,2.8
2478,PLAYING,728,639,,728,0,2.4
2479,PLAYING,728,639,,728,0,2.2
2480,PLAYING,728,639,,728,0,3.1
2481,PLAYING,728,639,,728,0,2.2
